Date,Inflow,Stock(CBP),Transition,Stock(HHS),Outflow,Net_Flow,Transfer_Efficiency,CBP_NetChange,HHS_NetChange,System_NetChange,Prev_HHS,Check,Difference,Transfer_Efficiency_Ratio,Discharge_Effectiveness,Pipeline Throughput Rate,NetFlow_7day_avg
21-12-2025,6,18,11,2484,14,-8,1.83,-5,-3,-8,0,0,2484,0.611111111,0.005636071,2.333333333,
18-12-2025,11,50,6,2472,16,-5,0.55,5,-10,-5,0,0,2472,0.12,0.006472492,1.454545455,
17-12-2025,7,31,11,2481,10,-3,1.57,-4,1,-3,0,0,2481,0.35483871,0.004030633,1.428571429,
16-12-2025,8,54,15,2468,9,-1,1.88,-7,6,-1,0,0,2468,0.277777778,0.003646677,1.125,
15-12-2025,11,42,9,2470,7,4,0.82,2,2,4,0,0,2470,0.214285714,0.002834008,0.636363636,
14-12-2025,8,35,4,2462,8,0,0.5,4,-4,0,0,0,2462,0.114285714,0.003249391,1,
11-12-2025,7,47,9,2437,10,-3,1.29,-2,-1,-3,0,0,2437,0.191489362,0.004103406,1.428571429,-2.285714286
10-12-2025,10,54,5,2439,9,1,0.5,5,-4,1,0,0,2439,0.092592593,0.003690037,0.9,-1
09-12-2025,4,30,7,2443,8,-4,1.75,-3,-1,-4,0,0,2443,0.233333333,0.003274662,2,-0.857142857
08-12-2025,9,27,9,2440,4,5,1,0,5,5,0,0,2440,0.333333333,0.001639344,0.444444444,0.285714286
07-12-2025,4,24,13,2429,12,-8,3.25,-9,1,-8,0,0,2429,0.541666667,0.004940305,3,-0.714285714
04-12-2025,16,39,7,2418,13,3,0.44,9,-6,3,0,0,2418,0.179487179,0.005376344,0.8125,-0.857142857
03-12-2025,4,32,8,2419,7,-3,2,-4,1,-3,0,0,2419,0.25,0.002893758,1.75,-1.285714286
02-12-2025,7,34,6,2407,8,-1,0.86,1,-2,-1,0,0,2407,0.176470588,0.003323639,1.142857143,-1
01-12-2025,4,26,4,2410,9,-5,1,0,-5,-5,0,0,2410,0.153846154,0.00373444,2.25,-1.857142857
30-11-2025,4,18,10,2415,0,4,2.5,-6,10,4,0,0,2415,0.555555556,0,0,-0.714285714
27-11-2025,4,24,8,2389,7,-3,2,-4,1,-3,0,0,2389,0.333333333,0.002930096,1.75,-1.857142857
25-11-2025,6,47,14,2375,11,-5,2.33,-8,3,-5,0,0,2375,0.29787234,0.004631579,1.833333333,-1.428571429
24-11-2025,9,40,9,2371,13,-4,1,0,-4,-4,0,0,2371,0.225,0.005482919,1.444444444,-2.428571429
23-11-2025,3,46,22,2375,1,2,7.33,-19,21,2,0,0,2375,0.47826087,0.000421053,0.333333333,-1.714285714
20-11-2025,18,57,8,2340,9,9,0.44,10,-1,9,0,0,2340,0.140350877,0.003846154,0.5,-0.285714286
19-11-2025,7,32,3,2340,10,-3,0.43,4,-7,-3,0,0,2340,0.09375,0.004273504,1.428571429,0
18-11-2025,2,38,8,2345,12,-10,4,-6,-4,-10,0,0,2345,0.210526316,0.005117271,6,-2
17-11-2025,1,35,6,2343,8,-7,6,-5,-2,-7,0,0,2343,0.171428571,0.003414426,8,-2.571428571
16-11-2025,5,22,3,2340,5,0,0.6,2,-2,0,0,0,2340,0.136363636,0.002136752,1,-1.857142857
13-11-2025,6,26,16,2317,5,1,2.67,-10,11,1,0,0,2317,0.615384615,0.002157963,0.833333333,-1.142857143
12-11-2025,14,48,20,2302,7,7,1.43,-6,13,7,0,0,2302,0.416666667,0.003040834,0.5,-0.428571429
11-11-2025,11,39,12,2294,14,-3,1.09,-1,-2,-3,0,0,2294,0.307692308,0.006102877,1.272727273,-2.142857143
09-11-2025,11,33,5,2294,4,7,0.45,6,1,7,0,0,2294,0.151515152,0.001743679,0.363636364,-0.714285714
06-11-2025,6,33,9,2264,19,-13,1.5,-3,-10,-13,0,0,2264,0.272727273,0.008392226,3.166666667,-1.142857143
05-11-2025,8,41,8,2272,7,1,1,0,1,1,0,0,2272,0.195121951,0.003080986,0.875,0
04-11-2025,6,33,6,2270,8,-2,1,0,-2,-2,0,0,2270,0.181818182,0.003524229,1.333333333,-0.285714286
03-11-2025,3,28,5,2269,12,-9,1.67,-2,-7,-9,0,0,2269,0.178571429,0.005288673,4,-1.714285714
02-11-2025,5,21,10,2277,7,-2,2,-5,3,-2,0,0,2277,0.476190476,0.00307422,1.4,-3
30-10-2025,3,17,14,2287,12,-9,4.67,-11,2,-9,0,0,2287,0.823529412,0.005247049,4,-3.857142857
29-10-2025,6,25,4,2280,17,-11,0.67,2,-13,-11,0,0,2280,0.16,0.00745614,2.833333333,-6.428571429
28-10-2025,6,22,11,2286,6,0,1.83,-5,5,0,0,0,2286,0.5,0.002624672,1,-4.571428571
27-10-2025,2,31,8,2282,11,-9,4,-6,-3,-9,0,0,2282,0.258064516,0.004820333,5.5,-6
26-10-2025,4,35,12,2276,10,-6,3,-8,2,-6,0,0,2276,0.342857143,0.004393673,2.5,-6.571428571
23-10-2025,4,27,26,2266,18,-14,6.5,-22,8,-14,0,0,2266,0.962962963,0.007943513,4.5,-7.285714286
22-10-2025,12,42,13,2261,12,0,1.08,-1,1,0,0,0,2261,0.30952381,0.005307386,1,-7
21-10-2025,13,39,17,2251,9,4,1.31,-4,8,4,0,0,2251,0.435897436,0.003998223,0.692307692,-5.142857143
20-10-2025,10,39,6,2243,7,3,0.6,4,-1,3,0,0,2243,0.153846154,0.00312082,0.7,-3.142857143
19-10-2025,9,34,17,2237,7,2,1.89,-8,10,2,0,0,2237,0.5,0.003129191,0.777777778,-2.857142857
16-10-2025,9,33,15,2233,9,0,1.67,-6,6,0,0,0,2233,0.454545455,0.004030452,1,-1.571428571
15-10-2025,8,29,10,2225,15,-7,1.25,-2,-5,-7,0,0,2225,0.344827586,0.006741573,1.875,-1.714285714
14-10-2025,7,30,16,2235,8,-1,2.29,-9,8,-1,0,0,2235,0.533333333,0.003579418,1.142857143,0.142857143
13-10-2025,8,24,7,2223,6,2,0.88,1,1,2,0,0,2223,0.291666667,0.002699055,0.75,0.428571429
09-10-2025,11,55,13,2192,12,-1,1.18,-2,1,-1,0,0,2192,0.236363636,0.005474453,1.090909091,-0.285714286
08-10-2025,8,49,15,2192,17,-9,1.88,-7,-2,-9,0,0,2192,0.306122449,0.007755474,2.125,-2
07-10-2025,11,45,4,2189,10,1,0.36,7,-6,1,0,0,2189,0.088888889,0.004568296,0.909090909,-2.142857143
06-10-2025,5,33,15,2187,10,-5,3,-10,5,-5,0,0,2187,0.454545455,0.004572474,2,-2.857142857
05-10-2025,8,28,13,2180,16,-8,1.62,-5,-3,-8,0,0,2180,0.464285714,0.00733945,2,-3
02-10-2025,20,51,15,2164,16,4,0.75,5,-1,4,0,0,2164,0.294117647,0.007393715,0.8,-2.285714286
01-10-2025,4,33,12,2163,14,-10,3,-8,-2,-10,0,0,2163,0.363636364,0.006472492,3.5,-4
30-09-2025,8,32,12,2159,7,1,1.5,-4,5,1,0,0,2159,0.375,0.003242242,0.875,-3.714285714
29-09-2025,8,35,12,2148,13,-5,1.5,-4,-1,-5,0,0,2148,0.342857143,0.006052142,1.625,-3.142857143
28-09-2025,11,29,12,2146,9,2,1.09,-1,3,2,0,0,2146,0.413793103,0.004193849,0.818181818,-3
25-09-2025,6,35,12,2132,18,-12,2,-6,-6,-12,0,0,2132,0.342857143,0.008442777,3,-4
24-09-2025,3,38,12,2138,17,-14,4,-9,-5,-14,0,0,2138,0.315789474,0.007951356,5.666666667,-4.857142857
23-09-2025,11,36,10,2145,15,-4,0.91,1,-5,-4,0,0,2145,0.277777778,0.006993007,1.363636364,-6
22-09-2025,17,40,14,2141,10,7,0.82,3,4,7,0,0,2141,0.35,0.004670715,0.588235294,-3.571428571
21-09-2025,8,35,13,2134,5,3,1.62,-5,8,3,0,0,2134,0.371428571,0.002343018,0.625,-3.285714286
18-09-2025,20,52,11,2096,14,6,0.55,9,-3,6,0,0,2096,0.211538462,0.006679389,0.7,-1.714285714
17-09-2025,7,38,5,2096,13,-6,0.71,2,-8,-6,0,0,2096,0.131578947,0.00620229,1.857142857,-2.857142857
16-09-2025,7,28,17,2095,12,-5,2.43,-10,5,-5,0,0,2095,0.607142857,0.005727924,1.714285714,-1.857142857
15-09-2025,9,47,10,2086,10,-1,1.11,-1,0,-1,0,0,2086,0.212765957,0.004793864,1.111111111,0
14-09-2025,7,39,13,2083,5,2,1.86,-6,8,2,0,0,2083,0.333333333,0.002400384,0.714285714,0.857142857
11-09-2025,12,38,29,2047,6,6,2.42,-17,23,6,0,0,2047,0.763157895,0.002931119,0.5,0.714285714
10-09-2025,10,47,14,2025,18,-8,1.4,-4,-4,-8,0,0,2025,0.29787234,0.008888889,1.8,-0.857142857
09-09-2025,18,42,11,2023,14,4,0.61,7,-3,4,0,0,2023,0.261904762,0.006920415,0.777777778,-1.142857143
08-09-2025,7,25,5,2025,6,1,0.71,2,-1,1,0,0,2025,0.2,0.002962963,0.857142857,-0.142857143
07-09-2025,4,19,9,2026,7,-3,2.25,-5,2,-3,0,0,2026,0.473684211,0.003455084,1.75,0.142857143
04-09-2025,11,40,2,2015,14,-3,0.18,9,-12,-3,0,0,2015,0.05,0.006947891,1.272727273,-0.142857143
03-09-2025,4,29,11,2019,10,-6,2.75,-7,1,-6,0,0,2019,0.379310345,0.004952947,2.5,-1.285714286
02-09-2025,6,35,9,2020,9,-3,1.5,-3,0,-3,0,0,2020,0.257142857,0.004455446,1.5,-2.571428571
01-09-2025,10,29,17,2010,5,5,1.7,-7,12,5,0,0,2010,0.586206897,0.002487562,0.5,-0.714285714
28-08-2025,8,33,6,1984,17,-9,0.75,2,-11,-9,0,0,1984,0.181818182,0.008568548,2.125,-2.571428571
27-08-2025,5,19,9,1988,19,-14,1.8,-4,-10,-14,0,0,1988,0.473684211,0.009557344,3.8,-4.714285714
26-08-2025,10,21,20,1989,15,-5,2,-10,5,-5,0,0,1989,0.952380952,0.007541478,1.5,-5
25-08-2025,8,30,8,1980,11,-3,1,0,-3,-3,0,0,1980,0.266666667,0.005555556,1.375,-5
24-08-2025,4,21,5,1981,5,-1,1.25,-1,0,-1,0,0,1981,0.238095238,0.002523978,1.25,-4.285714286
21-08-2025,6,49,8,1972,21,-15,1.33,-2,-13,-15,0,0,1972,0.163265306,0.010649087,3.5,-6
20-08-2025,10,38,10,1983,10,0,1,0,0,0,0,0,1983,0.263157895,0.005042864,1,-6.714285714
19-08-2025,5,35,3,1980,11,-6,0.6,2,-8,-6,0,0,1980,0.085714286,0.005555556,2.2,-6.285714286
18-08-2025,4,20,6,1985,14,-10,1.5,-2,-8,-10,0,0,1985,0.3,0.007052897,3.5,-5.714285714
17-08-2025,4,14,2,1991,3,1,0.5,2,-1,1,0,0,1991,0.142857143,0.001506781,0.75,-4.857142857
14-08-2025,3,27,4,1994,11,-8,1.33,-1,-7,-8,0,0,1994,0.148148148,0.00551655,3.666666667,-5.571428571
13-08-2025,6,22,12,1997,17,-11,2,-6,-5,-11,0,0,1997,0.545454545,0.008512769,2.833333333,-7
12-08-2025,8,38,9,1999,9,-1,1.12,-1,0,-1,0,0,1999,0.236842105,0.004502251,1.125,-5
11-08-2025,6,23,4,1999,16,-10,0.67,2,-12,-10,0,0,1999,0.173913043,0.008004002,2.666666667,-6.428571429
10-08-2025,0,18,8,2006,12,-12,inf,-8,-4,-12,0,0,2006,0.444444444,0.005982054,inf,-7.285714286
07-08-2025,4,18,6,2031,17,-13,1.5,-2,-11,-13,0,0,2031,0.333333333,0.008370261,4.25,-7.714285714
06-08-2025,4,17,3,2036,13,-9,0.75,1,-10,-9,0,0,2036,0.176470588,0.006385069,3.25,-9.142857143
05-08-2025,2,21,10,2042,14,-12,5,-8,-4,-12,0,0,2042,0.476190476,0.006856024,7,-9.714285714
04-08-2025,5,22,11,2040,14,-9,2.2,-6,-3,-9,0,0,2040,0.5,0.006862745,2.8,-9.428571429
03-08-2025,5,26,3,2049,5,0,0.6,2,-2,0,0,0,2049,0.115384615,0.002440215,1,-9.285714286
31-07-2025,2,9,6,2058,15,-13,3,-4,-9,-13,0,0,2058,0.666666667,0.00728863,7.5,-9.714285714
30-07-2025,4,15,4,2063,16,-12,1,0,-12,-12,0,0,2063,0.266666667,0.007755696,4,-9.714285714
29-07-2025,2,8,3,2072,12,-10,1.5,-1,-9,-10,0,0,2072,0.375,0.005791506,6,-9.285714286
28-07-2025,2,9,3,2080,14,-12,1.5,-1,-11,-12,0,0,2080,0.333333333,0.006730769,7,-9.714285714
27-07-2025,1,12,2,2088,4,-3,2,-1,-2,-3,0,0,2088,0.166666667,0.001915709,4,-8.428571429
24-07-2025,6,18,7,2096,29,-23,1.17,-1,-22,-23,0,0,2096,0.388888889,0.013835878,4.833333333,-10.42857143
23-07-2025,6,21,5,2111,14,-8,0.83,1,-9,-8,0,0,2111,0.238095238,0.006631928,2.333333333,-11.57142857
22-07-2025,5,13,3,2117,16,-11,0.6,2,-13,-11,0,0,2117,0.230769231,0.007557865,3.2,-11.28571429
21-07-2025,4,18,7,2121,16,-12,1.75,-3,-9,-12,0,0,2121,0.388888889,0.007543612,4,-11.28571429
17-07-2025,3,16,2,2153,17,-14,0.67,1,-15,-14,0,0,2153,0.125,0.007895959,5.666666667,-11.85714286
16-07-2025,1,9,0,2164,11,-10,0,1,-11,-10,0,0,2164,0,0.005083179,11,-11.57142857
15-07-2025,0,8,5,2171,17,-17,inf,-5,-12,-17,0,0,2171,0.625,0.007830493,inf,-13.57142857
14-07-2025,2,9,1,2181,26,-24,0.5,1,-25,-24,0,0,2181,0.111111111,0.011921137,13,-13.71428571
13-07-2025,1,13,4,2204,10,-9,4,-3,-6,-9,0,0,2204,0.307692308,0.004537205,10,-13.85714286
10-07-2025,2,12,3,2252,39,-37,1.5,-1,-36,-37,0,0,2252,0.25,0.01731794,19.5,-17.57142857
09-07-2025,2,18,0,2281,32,-30,0,2,-32,-30,0,0,2281,0,0.014028935,16,-20.14285714
08-07-2025,5,16,8,2306,20,-15,1.6,-3,-12,-15,0,0,2306,0.5,0.008673027,4,-20.28571429
07-07-2025,3,18,8,2317,20,-17,2.67,-5,-12,-17,0,0,2317,0.444444444,0.008631852,6.666666667,-21.28571429
06-07-2025,4,17,2,2332,8,-4,0.5,2,-6,-4,0,0,2332,0.117647059,0.003430532,2,-19.42857143
02-07-2025,8,20,9,2373,38,-30,1.12,-1,-29,-30,0,0,2373,0.45,0.016013485,4.75,-20.28571429
01-07-2025,7,14,6,2391,22,-15,0.86,1,-16,-15,0,0,2391,0.428571429,0.009201171,3.142857143,-21.14285714
30-06-2025,9,22,8,2407,16,-7,0.89,1,-8,-7,0,0,2407,0.363636364,0.006647279,1.777777778,-16.85714286
29-06-2025,5,17,7,2413,20,-15,1.4,-2,-13,-15,0,0,2413,0.411764706,0.008288438,4,-14.71428571
26-06-2025,3,9,7,2447,35,-32,2.33,-4,-28,-32,0,0,2447,0.777777778,0.014303228,11.66666667,-17.14285714
25-06-2025,6,12,2,2470,24,-18,0.33,4,-22,-18,0,0,2470,0.166666667,0.009716599,4,-17.28571429
24-06-2025,5,20,5,2489,16,-11,1,0,-11,-11,0,0,2489,0.25,0.006428284,3.2,-18.28571429
23-06-2025,3,15,5,2495,17,-14,1.67,-2,-12,-14,0,0,2495,0.333333333,0.006813627,5.666666667,-16
22-06-2025,7,13,5,2508,7,0,0.71,2,-2,0,0,0,2508,0.384615385,0.002791069,1,-13.85714286
19-06-2025,8,19,7,2501,18,-10,0.88,1,-11,-10,0,0,2501,0.368421053,0.007197121,2.25,-14.28571429
17-06-2025,7,24,10,2523,14,-7,1.43,-3,-4,-7,0,0,2523,0.416666667,0.00554895,2,-13.14285714
10-06-2025,17,28,7,2511,12,5,0.41,10,-5,5,0,0,2511,0.25,0.004778973,0.705882353,-7.857142857
09-06-2025,8,21,14,2516,9,-1,1.75,-6,5,-1,0,0,2516,0.666666667,0.003577107,1.125,-5.428571429
08-06-2025,10,16,15,2507,13,-3,1.5,-5,2,-3,0,0,2507,0.9375,0.005185481,1.3,-4.285714286
05-06-2025,8,26,5,2503,21,-13,0.62,3,-16,-13,0,0,2503,0.192307692,0.008389932,2.625,-4.142857143
04-06-2025,4,16,9,2516,16,-12,2.25,-5,-7,-12,0,0,2516,0.5625,0.0063593,4,-5.857142857
03-06-2025,5,23,11,2519,15,-10,2.2,-6,-4,-10,0,0,2519,0.47826087,0.005954744,3,-5.857142857
02-06-2025,10,19,5,2518,16,-6,0.5,5,-11,-6,0,0,2518,0.263157895,0.006354249,1.6,-5.714285714
01-06-2025,8,24,16,2528,12,-4,2,-8,4,-4,0,0,2528,0.666666667,0.004746835,1.5,-7
29-05-2025,13,38,15,2506,11,2,1.15,-2,4,2,0,0,2506,0.394736842,0.004389465,0.846153846,-6.571428571
28-05-2025,12,39,12,2499,14,-2,1,0,-2,-2,0,0,2499,0.307692308,0.005602241,1.166666667,-6.428571429
27-05-2025,6,24,7,2504,11,-5,1.17,-1,-4,-5,0,0,2504,0.291666667,0.004392971,1.833333333,-5.285714286
22-05-2025,18,36,17,2473,15,3,0.94,1,2,3,0,0,2473,0.472222222,0.006065507,0.833333333,-3.142857143
21-05-2025,14,62,13,2467,18,-4,0.93,1,-5,-4,0,0,2467,0.209677419,0.007296311,1.285714286,-2.285714286
19-05-2025,7,27,17,2457,6,1,2.43,-10,11,1,0,0,2457,0.62962963,0.002442002,0.857142857,-1.285714286
18-05-2025,13,28,14,2437,9,4,1.08,-1,5,4,0,0,2437,0.5,0.003693065,0.692307692,-0.142857143
15-05-2025,15,31,14,2410,14,1,0.93,1,0,1,0,0,2410,0.451612903,0.005809129,0.933333333,-0.285714286
14-05-2025,7,30,14,2394,11,-4,2,-7,3,-4,0,0,2394,0.466666667,0.00459482,1.571428571,-0.571428571
13-05-2025,18,29,12,2394,11,7,0.67,6,1,7,0,0,2394,0.413793103,0.00459482,0.611111111,1.142857143
12-05-2025,7,33,14,2392,7,0,2,-7,7,0,0,0,2392,0.424242424,0.002926421,1,0.714285714
11-05-2025,15,20,12,2385,3,12,0.8,3,9,12,0,0,2385,0.6,0.001257862,0.2,3
08-05-2025,15,24,16,2361,11,4,1.07,-1,5,4,0,0,2361,0.666666667,0.004659043,0.733333333,3.428571429
07-05-2025,10,30,15,2335,10,0,1.5,-5,5,0,0,0,2335,0.5,0.004282655,1,2.857142857
06-05-2025,10,33,16,2339,16,-6,1.6,-6,0,-6,0,0,2339,0.484848485,0.00684053,1.6,1.857142857
05-05-2025,15,44,20,2331,17,-2,1.33,-5,3,-2,0,0,2331,0.454545455,0.007293007,1.133333333,2.142857143
04-05-2025,9,31,10,2335,5,4,1.11,-1,5,4,0,0,2335,0.322580645,0.002141328,0.555555556,1.714285714
01-05-2025,13,32,14,2306,16,-3,1.08,-1,-2,-3,0,0,2306,0.4375,0.006938422,1.230769231,1.285714286
30-04-2025,7,34,9,2309,12,-5,1.29,-2,-3,-5,0,0,2309,0.264705882,0.005197055,1.714285714,-1.142857143
29-04-2025,11,25,11,2304,15,-4,1,0,-4,-4,0,0,2304,0.44,0.006510417,1.363636364,-2.285714286
28-04-2025,6,26,12,2307,8,-2,2,-6,4,-2,0,0,2307,0.461538462,0.003467707,1.333333333,-2.571428571
27-04-2025,9,40,12,2301,4,5,1.33,-3,8,5,0,0,2301,0.3,0.001738375,0.444444444,-1
24-04-2025,3,9,7,2294,13,-10,2.33,-4,-6,-10,0,0,2294,0.777777778,0.005666957,4.333333333,-2.142857143
23-04-2025,3,23,4,2300,11,-8,1.33,-1,-7,-8,0,0,2300,0.173913043,0.004782609,3.666666667,-3.857142857
22-04-2025,7,19,14,2305,17,-10,2,-7,-3,-10,0,0,2305,0.736842105,0.007375271,2.428571429,-4.857142857
21-04-2025,10,25,5,2308,6,4,0.5,5,-1,4,0,0,2308,0.2,0.002599653,0.6,-3.571428571
20-04-2025,4,15,6,2305,4,0,1.5,-2,2,0,0,0,2305,0.4,0.001735358,1,-3
17-04-2025,7,26,10,2288,14,-7,1.43,-3,-4,-7,0,0,2288,0.384615385,0.006118881,2,-3.714285714
16-04-2025,11,30,5,2291,8,3,0.45,6,-3,3,0,0,2291,0.166666667,0.003491925,0.727272727,-4
15-04-2025,4,19,12,2286,7,-3,3,-8,5,-3,0,0,2286,0.631578947,0.003062117,1.75,-3
14-04-2025,5,26,9,2282,13,-8,1.8,-4,-4,-8,0,0,2282,0.346153846,0.005696757,2.6,-3
13-04-2025,5,26,10,2283,3,2,2,-5,7,2,0,0,2283,0.384615385,0.00131406,0.6,-1.285714286
11-04-2025,8,22,8,2267,9,-1,1,0,-1,-1,0,0,2267,0.363636364,0.003970004,1.125,-2
10-04-2025,18,25,17,2265,6,12,0.94,1,11,12,0,0,2265,0.68,0.002649007,0.333333333,-0.285714286
09-04-2025,6,19,10,2251,5,1,1.67,-4,5,1,0,0,2251,0.526315789,0.002221235,0.833333333,0.857142857
08-04-2025,12,34,12,2243,9,3,1,0,3,3,0,0,2243,0.352941176,0.004012483,0.75,0.857142857
07-04-2025,12,22,9,2237,5,7,0.75,3,4,7,0,0,2237,0.409090909,0.002235136,0.416666667,2.285714286
06-04-2025,7,14,7,2234,11,-4,1,0,-4,-4,0,0,2234,0.5,0.004923903,1.571428571,2.857142857
03-04-2025,12,26,18,2223,8,4,1.5,-6,10,4,0,0,2223,0.692307692,0.00359874,0.666666667,3.142857143
02-04-2025,5,31,16,2208,3,2,3.2,-11,13,2,0,0,2208,0.516129032,0.001358696,0.6,3.571428571
01-04-2025,17,36,7,2191,12,5,0.41,10,-5,5,0,0,2191,0.194444444,0.005476951,0.705882353,2.571428571
31-03-2025,9,25,8,2193,5,4,0.89,1,3,4,0,0,2193,0.32,0.002279982,0.555555556,3
30-03-2025,9,20,5,2188,2,7,0.56,4,3,7,0,0,2188,0.25,0.000914077,0.222222222,3.571428571
27-03-2025,1,19,13,2159,2,-1,13,-12,11,-1,0,0,2159,0.684210526,0.000926355,2,2.428571429
26-03-2025,9,21,15,2159,2,7,1.67,-6,13,7,0,0,2159,0.714285714,0.000926355,0.222222222,4
25-03-2025,12,19,7,2145,6,6,0.58,5,1,6,0,0,2145,0.368421053,0.002797203,0.5,4.285714286
24-03-2025,7,13,11,2139,7,0,1.57,-4,4,0,0,0,2139,0.846153846,0.003272557,1,4
23-03-2025,15,29,9,2136,2,13,0.6,6,7,13,0,0,2136,0.310344828,0.00093633,0.133333333,5.142857143
20-03-2025,9,20,11,2124,7,2,1.22,-2,4,2,0,0,2124,0.55,0.003295669,0.777777778,4.857142857
19-03-2025,6,22,14,2119,9,-3,2.33,-8,5,-3,0,0,2119,0.636363636,0.004247286,1.5,3.428571429
18-03-2025,19,34,6,2109,8,11,0.32,13,-2,11,0,0,2109,0.176470588,0.003793267,0.421052632,5.142857143
17-03-2025,5,14,0,2111,8,-3,0,5,-8,-3,0,0,2111,0,0.003789673,1.6,3.714285714
16-03-2025,1,9,8,2117,5,-4,8,-7,3,-4,0,0,2117,0.888888889,0.002361833,5,2.285714286
13-03-2025,4,20,9,2116,6,-2,2.25,-5,3,-2,0,0,2116,0.45,0.002835539,1.5,2
12-03-2025,6,18,2,2113,8,-2,0.33,4,-6,-2,0,0,2113,0.111111111,0.003786086,1.333333333,-0.142857143
11-03-2025,3,11,7,2116,20,-17,2.33,-4,-13,-17,0,0,2116,0.636363636,0.009451796,6.666666667,-2.857142857
10-03-2025,6,28,8,2125,23,-17,1.33,-2,-15,-17,0,0,2125,0.285714286,0.010823529,3.833333333,-4.857142857
09-03-2025,12,25,15,2137,30,-18,1.25,-3,-15,-18,0,0,2137,0.6,0.014038372,2.5,-9
06-03-2025,7,27,6,2218,33,-26,0.86,1,-27,-26,0,0,2218,0.222222222,0.014878269,4.714285714,-12.28571429
05-03-2025,5,20,4,2238,40,-35,0.8,1,-36,-35,0,0,2238,0.2,0.017873101,8,-16.71428571
04-03-2025,4,25,10,2272,30,-26,2.5,-6,-20,-26,0,0,2272,0.4,0.013204225,7.5,-20.14285714
03-03-2025,8,29,18,2287,25,-17,2.25,-10,-7,-17,0,0,2287,0.620689655,0.010931351,3.125,-22.28571429
02-03-2025,12,24,4,2297,31,-19,0.33,8,-27,-19,0,0,2297,0.166666667,0.013495864,2.583333333,-22.57142857
27-02-2025,10,15,17,2391,37,-27,1.7,-7,-20,-27,0,0,2391,1.133333333,0.015474697,3.7,-24
26-02-2025,12,21,1,2411,23,-11,0.08,11,-22,-11,0,0,2411,0.047619048,0.00953961,1.916666667,-23
25-02-2025,11,7,7,2413,23,-12,0.64,4,-16,-12,0,0,2413,1,0.009531703,2.090909091,-21
24-02-2025,20,22,14,2413,24,-4,0.7,6,-10,-4,0,0,2413,0.636363636,0.009946125,1.2,-16.57142857
23-02-2025,7,16,8,2423,35,-28,1.14,-1,-27,-28,0,0,2423,0.5,0.014444903,5,-16.85714286
20-02-2025,13,25,15,2520,32,-19,1.15,-2,-17,-19,0,0,2520,0.6,0.012698413,2.461538462,-17.14285714
19-02-2025,12,17,17,2528,19,-7,1.42,-5,-2,-7,0,0,2528,1,0.007515823,1.583333333,-15.42857143
18-02-2025,18,19,11,2536,9,9,0.61,7,2,9,0,0,2536,0.578947368,0.003548896,0.5,-10.28571429
17-02-2025,8,17,14,2532,15,-7,1.75,-6,-1,-7,0,0,2532,0.823529412,0.005924171,1.875,-9.714285714
13-02-2025,15,10,23,2703,72,-57,1.53,-8,-49,-57,0,0,2703,2.3,0.02663707,4.8,-16.14285714
12-02-2025,16,20,20,2752,66,-50,1.25,-4,-46,-50,0,0,2752,1,0.023982558,4.125,-22.71428571
11-02-2025,11,22,12,2799,50,-39,1.09,-1,-38,-39,0,0,2799,0.545454545,0.017863523,4.545454545,-24.28571429
10-02-2025,16,18,15,2834,63,-47,0.94,1,-48,-47,0,0,2834,0.833333333,0.022230064,3.9375,-28.28571429
09-02-2025,15,13,23,2878,99,-84,1.53,-8,-76,-84,0,0,2878,1.769230769,0.034398888,6.6,-39.28571429
06-02-2025,25,32,27,3181,145,-120,1.08,-2,-118,-120,0,0,3181,0.84375,0.04558315,5.8,-57.71428571
05-02-2025,26,36,36,3290,104,-78,1.38,-10,-68,-78,0,0,3290,1,0.031610942,4,-67.85714286
04-02-2025,34,54,29,3359,74,-40,0.85,5,-45,-40,0,0,3359,0.537037037,0.022030366,2.176470588,-65.42857143
03-02-2025,23,45,11,3403,102,-79,0.48,12,-91,-79,0,0,3403,0.244444444,0.029973553,4.434782609,-69.57142857
02-02-2025,20,22,41,3483,168,-148,2.05,-21,-127,-148,0,0,3483,1.863636364,0.048234281,8.4,-85.14285714
30-01-2025,47,42,47,3923,159,-112,1,0,-112,-112,0,0,3923,1.119047619,0.040530206,3.382978723,-94.42857143
29-01-2025,32,50,39,4036,99,-67,1.22,-7,-60,-67,0,0,4036,0.78,0.024529237,3.09375,-92
28-01-2025,32,49,39,4096,101,-69,1.22,-7,-62,-69,0,0,4096,0.795918367,0.024658203,3.15625,-84.71428571
27-01-2025,33,53,34,4161,127,-94,1.03,-1,-93,-94,0,0,4161,0.641509434,0.030521509,3.848484848,-87
26-01-2025,29,51,11,4241,182,-153,0.38,18,-171,-153,0,0,4241,0.215686275,0.042914407,6.275862069,-103.1428571
23-01-2025,91,75,97,4621,174,-83,1.07,-6,-77,-83,0,0,4621,1.293333333,0.037654187,1.912087912,-103.7142857
22-01-2025,62,97,52,4717,83,-21,0.84,10,-31,-21,0,0,4717,0.536082474,0.01759593,1.338709677,-85.57142857
21-01-2025,59,64,117,4728,54,5,1.98,-58,63,5,0,0,4728,1.828125,0.01142132,0.915254237,-68.85714286
20-01-2025,84,118,136,4638,127,-43,1.62,-52,9,-43,0,0,4638,1.152542373,0.027382492,1.511904762,-65.42857143
19-01-2025,86,152,168,4628,176,-90,1.95,-82,-8,-90,0,0,4628,1.105263158,0.038029386,2.046511628,-68.42857143
16-01-2025,106,196,131,4881,159,-53,1.24,-25,-28,-53,0,0,4881,0.668367347,0.032575292,1.5,-62.57142857
15-01-2025,113,162,107,4903,164,-51,0.95,6,-57,-51,0,0,4903,0.660493827,0.033448909,1.451327434,-48
14-01-2025,92,124,93,4957,139,-47,1.01,-1,-46,-47,0,0,4957,0.75,0.028041154,1.510869565,-42.85714286
13-01-2025,68,107,102,5019,181,-113,1.5,-34,-79,-113,0,0,5019,0.953271028,0.036062961,2.661764706,-56
12-01-2025,74,103,80,5092,235,-161,1.08,-6,-155,-161,0,0,5092,0.776699029,0.046150825,3.175675676,-79.71428571
09-01-2025,56,82,68,5507,164,-108,1.21,-12,-96,-108,0,0,5507,0.829268293,0.02978028,2.928571429,-89
08-01-2025,38,80,82,5605,184,-146,2.16,-44,-102,-146,0,0,5605,1.025,0.032827832,4.842105263,-97
07-01-2025,65,83,65,5703,133,-68,1,0,-68,-68,0,0,5703,0.78313253,0.023321059,2.046153846,-99.14285714
06-01-2025,41,60,71,5769,190,-149,1.73,-30,-119,-149,0,0,5769,1.183333333,0.032934651,4.634146341,-113.1428571
05-01-2025,43,73,64,5882,185,-142,1.49,-21,-121,-142,0,0,5882,0.876712329,0.031451887,4.302325581,-126.7142857
02-01-2025,35,70,53,6292,170,-135,1.51,-18,-117,-135,0,0,6292,0.757142857,0.027018436,4.857142857,-129.8571429
01-01-2025,25,66,94,6405,144,-119,3.76,-69,-50,-119,0,0,6405,1.424242424,0.022482436,5.76,-123.8571429
30-12-2024,99,156,139,6454,177,-78,1.4,-40,-38,-78,0,0,6454,0.891025641,0.027424853,1.787878788,-119.5714286
29-12-2024,107,170,133,6465,216,-109,1.24,-26,-83,-109,0,0,6465,0.782352941,0.033410673,2.018691589,-114.2857143
26-12-2024,80,122,152,6707,135,-55,1.9,-72,17,-55,0,0,6707,1.245901639,0.020128224,1.6875,-112.4285714
25-12-2024,57,162,193,6689,107,-50,3.39,-136,86,-50,0,0,6689,1.191358025,0.015996412,1.877192982,-98.28571429
24-12-2024,161,304,211,6622,155,6,1.31,-50,56,6,0,0,6622,0.694078947,0.023406826,0.962732919,-77.14285714
23-12-2024,205,294,177,6548,231,-26,0.86,28,-54,-26,0,0,6548,0.602040816,0.035277947,1.126829268,-61.57142857
22-12-2024,100,255,236,6595,268,-168,2.36,-136,-32,-168,0,0,6595,0.925490196,0.040636846,2.68,-68.57142857
19-12-2024,269,412,204,6600,238,31,0.76,65,-34,31,0,0,6600,0.495145631,0.036060606,0.884758364,-53
18-12-2024,168,285,210,6598,134,34,1.25,-42,76,34,0,0,6598,0.736842105,0.020309185,0.797619048,-32.57142857
17-12-2024,187,310,247,6506,151,36,1.32,-60,96,36,0,0,6506,0.796774194,0.023209345,0.807486631,-19.57142857
16-12-2024,133,287,189,6454,149,-16,1.42,-56,40,-16,0,0,6454,0.658536585,0.023086458,1.120300752,-14.71428571
15-12-2024,180,337,219,6408,224,-44,1.22,-39,-5,-44,0,0,6408,0.649851632,0.034956305,1.244444444,-21.85714286
12-12-2024,153,253,286,6481,194,-41,1.87,-133,92,-41,0,0,6481,1.130434783,0.029933652,1.267973856,-24
11-12-2024,209,353,232,6402,152,57,1.11,-23,80,57,0,0,6402,0.657223796,0.02374258,0.727272727,8.142857143
10-12-2024,167,326,213,6310,149,18,1.28,-46,64,18,0,0,6310,0.653374233,0.023613312,0.892215569,6.285714286
09-12-2024,224,315,152,6268,174,50,0.68,72,-22,50,0,0,6268,0.482539683,0.027760051,0.776785714,8.571428571
08-12-2024,132,243,183,6286,172,-40,1.39,-51,11,-40,0,0,6286,0.75308642,0.027362393,1.303030303,-2.285714286
05-12-2024,218,283,208,6310,150,68,0.95,10,58,68,0,0,6310,0.734982332,0.023771791,0.688073394,9.714285714
04-12-2024,118,245,160,6269,115,3,1.36,-42,45,3,0,0,6269,0.653061224,0.018344234,0.974576271,16.42857143
03-12-2024,81,230,242,6192,107,-26,2.99,-161,135,-26,0,0,6192,1.052173913,0.017280362,1.320987654,18.57142857
02-12-2024,236,330,222,6061,115,121,0.94,14,107,121,0,0,6061,0.672727273,0.018973767,0.487288136,27.71428571
01-12-2024,196,306,187,5986,149,47,0.95,9,38,47,0,0,5986,0.611111111,0.024891413,0.760204082,31.85714286
28-11-2024,113,280,237,5963,143,-30,2.1,-124,94,-30,0,0,5963,0.846428571,0.023981218,1.265486726,20.42857143
27-11-2024,239,367,224,5862,211,28,0.94,15,13,28,0,0,5862,0.610354223,0.035994541,0.882845188,30.14285714
26-11-2024,152,272,214,5826,112,40,1.41,-62,102,40,0,0,5826,0.786764706,0.019224168,0.736842105,26.14285714
25-11-2024,170,297,196,5715,129,41,1.15,-26,67,41,0,0,5715,0.65993266,0.022572178,0.758823529,31.57142857
24-11-2024,191,283,192,5664,207,-16,1.01,-1,-15,-16,0,0,5664,0.67844523,0.03654661,1.083769634,33
21-11-2024,109,214,173,5850,210,-101,1.59,-64,-37,-101,0,0,5850,0.808411215,0.035897436,1.926605505,1.285714286
20-11-2024,155,212,181,5879,148,7,1.17,-26,33,7,0,0,5879,0.853773585,0.025174349,0.95483871,-4.428571429
19-11-2024,119,209,152,5844,146,-27,1.28,-33,6,-27,0,0,5844,0.727272727,0.024982888,1.226890756,-4
18-11-2024,143,203,163,5819,138,5,1.14,-20,25,5,0,0,5819,0.802955665,0.023715415,0.965034965,-7.285714286
17-11-2024,105,210,149,5816,195,-90,1.42,-44,-46,-90,0,0,5816,0.70952381,0.033528198,1.857142857,-25.85714286
14-11-2024,119,219,210,6025,172,-53,1.76,-91,38,-53,0,0,6025,0.95890411,0.028547718,1.445378151,-39.28571429
13-11-2024,148,245,175,5966,151,-3,1.18,-27,24,-3,0,0,5966,0.714285714,0.025310091,1.02027027,-37.42857143
12-11-2024,142,235,139,5975,138,4,0.98,3,1,4,0,0,5975,0.591489362,0.023096234,0.971830986,-22.42857143
11-11-2024,118,139,168,5963,145,-27,1.42,-50,23,-27,0,0,5963,1.208633094,0.024316619,1.228813559,-27.28571429
07-11-2024,125,232,192,6084,177,-52,1.54,-67,15,-52,0,0,6084,0.827586207,0.029092702,1.416,-30.85714286
06-11-2024,156,256,176,6086,137,19,1.13,-20,39,19,0,0,6086,0.6875,0.02251068,0.878205128,-28.85714286
05-11-2024,109,245,159,6045,126,-17,1.46,-50,33,-17,0,0,6045,0.648979592,0.020843672,1.155963303,-18.42857143
04-11-2024,167,209,157,6007,132,35,0.94,10,25,35,0,0,6007,0.751196172,0.021974363,0.790419162,-5.857142857
03-11-2024,84,171,157,5990,184,-100,1.87,-73,-27,-100,0,0,5990,0.918128655,0.030717863,2.19047619,-19.71428571
31-10-2024,87,246,173,6148,177,-90,1.99,-86,-4,-90,0,0,6148,0.703252033,0.02878985,2.034482759,-33.14285714
30-10-2024,136,276,178,6149,160,-24,1.31,-42,18,-24,0,0,6149,0.644927536,0.026020491,1.176470588,-32.71428571
29-10-2024,166,277,229,6106,126,40,1.38,-63,103,40,0,0,6106,0.826714801,0.020635441,0.759036145,-19.57142857
28-10-2024,110,272,193,6008,156,-46,1.75,-83,37,-46,0,0,6008,0.709558824,0.025965379,1.418181818,-28.85714286
27-10-2024,202,313,158,5974,192,10,0.78,44,-34,10,0,0,5974,0.504792332,0.03213927,0.95049505,-25
23-10-2024,134,294,186,6077,138,-4,1.39,-52,48,-4,0,0,6077,0.632653061,0.022708573,1.029850746,-30.57142857
22-10-2024,180,280,146,6043,109,71,0.81,34,37,71,0,0,6043,0.521428571,0.018037399,0.605555556,-6.142857143
21-10-2024,108,220,213,5966,154,-46,1.97,-105,59,-46,0,0,5966,0.968181818,0.02581294,1.425925926,0.142857143
20-10-2024,147,276,214,5918,195,-48,1.46,-67,19,-48,0,0,5918,0.775362319,0.032950321,1.326530612,-3.285714286
17-10-2024,104,230,206,6076,160,-56,1.98,-102,46,-56,0,0,6076,0.895652174,0.026333114,1.538461538,-17
16-10-2024,174,285,150,6036,129,45,0.86,24,21,45,0,0,6036,0.526315789,0.021371769,0.74137931,-4
15-10-2024,113,208,159,6013,107,6,1.41,-46,52,6,0,0,6013,0.764423077,0.017794778,0.946902655,-4.571428571
14-10-2024,88,214,160,5935,106,-18,1.82,-72,54,-18,0,0,5935,0.747663551,0.017860152,1.204545455,-6.571428571
13-10-2024,130,227,192,5889,210,-80,1.48,-62,-18,-80,0,0,5889,0.845814978,0.035659705,1.615384615,-28.14285714
10-10-2024,84,158,193,6075,159,-75,2.3,-109,34,-75,0,0,6075,1.221518987,0.02617284,1.892857143,-32.28571429
09-10-2024,115,216,169,6047,137,-22,1.47,-54,32,-22,0,0,6047,0.782407407,0.022655862,1.191304348,-28.57142857
08-10-2024,167,239,166,6013,123,44,0.99,1,43,44,0,0,6013,0.694560669,0.020455679,0.736526946,-14.28571429
07-10-2024,99,190,176,5968,153,-54,1.78,-77,23,-54,0,0,5968,0.926315789,0.025636729,1.545454545,-28.42857143
03-10-2024,101,162,178,6118,193,-92,1.76,-77,-15,-92,0,0,6118,1.098765432,0.031546257,1.910891089,-42.42857143
02-10-2024,107,215,230,6091,173,-66,2.15,-123,57,-66,0,0,6091,1.069767442,0.028402561,1.61682243,-49.28571429
01-10-2024,184,314,217,6040,137,47,1.18,-33,80,47,0,0,6040,0.691082803,0.022682119,0.744565217,-31.14285714
30-09-2024,209,285,184,5967,138,71,0.88,25,46,71,0,0,5967,0.645614035,0.0231272,0.660287081,-10.28571429
29-09-2024,81,213,153,5925,177,-96,1.89,-72,-24,-96,0,0,5925,0.718309859,0.029873418,2.185185185,-20.85714286
26-09-2024,91,199,172,6090,185,-94,1.89,-81,-13,-94,0,0,6090,0.864321608,0.030377668,2.032967033,-40.57142857
25-09-2024,154,225,220,6050,169,-15,1.43,-66,51,-15,0,0,6050,0.977777778,0.027933884,1.097402597,-35
24-09-2024,186,259,172,6023,143,43,0.92,14,29,43,0,0,6023,0.664092664,0.023742321,0.768817204,-15.71428571
23-09-2024,92,203,173,6002,165,-73,1.88,-81,8,-73,0,0,6002,0.852216749,0.027490836,1.793478261,-16.71428571
22-09-2024,124,234,161,5989,197,-73,1.3,-37,-36,-73,0,0,5989,0.688034188,0.032893638,1.588709677,-33.85714286
19-09-2024,93,196,169,6270,188,-95,1.82,-76,-19,-95,0,0,6270,0.862244898,0.029984051,2.021505376,-57.57142857
18-09-2024,116,213,217,6245,149,-33,1.87,-101,68,-33,0,0,6245,1.018779343,0.023859087,1.284482759,-48.57142857
17-09-2024,159,304,139,6227,160,-1,0.87,20,-21,-1,0,0,6227,0.457236842,0.025694556,1.006289308,-35.28571429
16-09-2024,113,209,160,6229,164,-51,1.42,-47,-4,-51,0,0,6229,0.765550239,0.026328464,1.451327434,-40.42857143
15-09-2024,98,220,167,6234,210,-112,1.7,-69,-43,-112,0,0,6234,0.759090909,0.033686237,2.142857143,-62.57142857
13-09-2024,81,200,212,6326,279,-198,2.62,-131,-67,-198,0,0,6326,1.06,0.044103699,3.444444444,-80.42857143
12-09-2024,184,280,210,6360,220,-36,1.14,-26,-10,-36,0,0,6360,0.75,0.034591195,1.195652174,-75.14285714
11-09-2024,93,248,175,6410,162,-69,1.88,-82,13,-69,0,0,6410,0.705645161,0.025273011,1.741935484,-71.42857143
10-09-2024,131,251,180,6396,148,-17,1.37,-49,32,-17,0,0,6396,0.717131474,0.023139462,1.129770992,-69.14285714
09-09-2024,144,275,190,6353,141,3,1.32,-46,49,3,0,0,6353,0.690909091,0.022194239,0.979166667,-68.57142857
08-09-2024,123,255,164,6312,221,-98,1.33,-41,-57,-98,0,0,6312,0.643137255,0.035012674,1.796747967,-75.28571429
05-09-2024,126,230,175,6448,121,5,1.39,-49,54,5,0,0,6448,0.760869565,0.018765509,0.96031746,-58.57142857
04-09-2024,121,231,219,6375,114,7,1.81,-98,105,7,0,0,6375,0.948051948,0.017882353,0.94214876,-29.28571429
03-09-2024,131,263,177,6272,112,19,1.35,-46,65,19,0,0,6272,0.673003802,0.017857143,0.854961832,-21.42857143
02-09-2024,133,270,198,6192,129,4,1.49,-65,69,4,0,0,6192,0.733333333,0.020833333,0.969924812,-11
29-08-2024,145,295,188,6250,169,-24,1.3,-43,19,-24,0,0,6250,0.637288136,0.02704,1.165517241,-12
28-08-2024,170,285,178,6227,134,36,1.05,-8,44,36,0,0,6227,0.624561404,0.021519191,0.788235294,-7.285714286
27-08-2024,149,285,222,6152,97,52,1.49,-73,125,52,0,0,6152,0.778947368,0.01576723,0.651006711,14.14285714
22-08-2024,182,307,205,6054,171,11,1.13,-23,34,11,0,0,6054,0.667752443,0.028245788,0.93956044,15
21-08-2024,134,245,167,6028,156,-22,1.25,-33,11,-22,0,0,6028,0.681632653,0.02587923,1.164179104,10.85714286
20-08-2024,136,274,245,5995,112,24,1.8,-109,133,24,0,0,5995,0.894160584,0.018682235,0.823529412,11.57142857
19-08-2024,176,254,162,5865,158,18,0.92,14,4,18,0,0,5865,0.637795276,0.026939471,0.897727273,13.57142857
18-08-2024,86,244,235,5821,178,-92,2.73,-149,57,-92,0,0,5821,0.963114754,0.030578938,2.069767442,3.857142857
15-08-2024,124,241,156,5895,220,-96,1.26,-32,-64,-96,0,0,5895,0.647302905,0.037319763,1.774193548,-15
14-08-2024,109,226,191,5987,178,-69,1.75,-82,13,-69,0,0,5987,0.845132743,0.029731084,1.633027523,-32.28571429
13-08-2024,162,239,189,5981,123,39,1.17,-27,66,39,0,0,5981,0.790794979,0.020565123,0.759259259,-28.28571429
12-08-2024,109,219,155,5903,148,-39,1.42,-46,7,-39,0,0,5903,0.707762557,0.025071997,1.357798165,-30.71428571
11-08-2024,95,211,140,5894,249,-154,1.47,-45,-109,-154,0,0,5894,0.663507109,0.042246352,2.621052632,-56.14285714
08-08-2024,119,230,213,6084,174,-55,1.79,-94,39,-55,0,0,6084,0.926086957,0.028599606,1.462184874,-66.57142857
07-08-2024,135,273,207,6038,174,-39,1.53,-72,33,-39,0,0,6038,0.758241758,0.028817489,1.288888889,-59
06-08-2024,163,283,200,5998,143,20,1.23,-37,57,20,0,0,5998,0.706713781,0.02384128,0.877300613,-42.42857143
05-08-2024,172,259,138,5950,150,22,0.8,34,-12,22,0,0,5950,0.532818533,0.025210084,0.872093023,-29.42857143
04-08-2024,63,167,143,5943,170,-107,2.27,-80,-27,-107,0,0,5943,0.856287425,0.028605082,2.698412698,-50.28571429
01-08-2024,227,298,212,6016,169,58,0.93,15,43,58,0,0,6016,0.711409396,0.028091755,0.744493392,-36.42857143
31-07-2024,140,261,163,5963,154,-14,1.16,-23,9,-14,0,0,5963,0.624521073,0.025825927,1.1,-16.42857143
30-07-2024,125,203,208,5930,92,33,1.66,-83,116,33,0,0,5930,1.024630542,0.015514334,0.736,-3.857142857
29-07-2024,114,210,219,5819,163,-49,1.92,-105,56,-49,0,0,5819,1.042857143,0.028011686,1.429824561,-5.285714286
28-07-2024,152,290,199,5743,207,-55,1.31,-47,-8,-55,0,0,5743,0.686206897,0.03604388,1.361842105,-16
25-07-2024,93,198,208,5954,194,-101,2.24,-115,14,-101,0,0,5954,1.050505051,0.032583137,2.086021505,-33.57142857
24-07-2024,137,272,166,5927,177,-40,1.21,-29,-11,-40,0,0,5927,0.610294118,0.029863337,1.291970803,-24
23-07-2024,120,257,126,5965,170,-50,1.05,-6,-44,-50,0,0,5965,0.490272374,0.028499581,1.416666667,-39.42857143
22-07-2024,102,189,155,6002,234,-132,1.52,-53,-79,-132,0,0,6002,0.82010582,0.038987004,2.294117647,-56.28571429
21-07-2024,90,196,205,6058,262,-172,2.28,-115,-57,-172,0,0,6058,1.045918367,0.043248597,2.911111111,-85.57142857
17-07-2024,128,228,177,6228,187,-59,1.38,-49,-10,-59,0,0,6228,0.776315789,0.03002569,1.4609375,-87
16-07-2024,136,246,123,6239,173,-37,0.9,13,-50,-37,0,0,6239,0.5,0.027728803,1.272058824,-84.42857143
15-07-2024,105,185,158,6283,171,-66,1.5,-53,-13,-66,0,0,6283,0.854054054,0.027216298,1.628571429,-79.42857143
14-07-2024,116,188,164,6308,237,-121,1.41,-48,-73,-121,0,0,6308,0.872340426,0.037571338,2.043103448,-91
11-07-2024,80,176,125,6640,197,-117,1.56,-45,-72,-117,0,0,6640,0.710227273,0.029668675,2.4625,-100.5714286
10-07-2024,150,157,201,6649,177,-27,1.34,-51,24,-27,0,0,6649,1.280254777,0.026620544,1.18,-85.57142857
09-07-2024,116,181,182,6651,130,-14,1.57,-66,52,-14,0,0,6651,1.005524862,0.019545933,1.120689655,-63
08-07-2024,141,173,129,6617,123,18,0.91,12,6,18,0,0,6617,0.74566474,0.018588484,0.872340426,-52
07-07-2024,96,160,233,6599,213,-117,2.43,-137,20,-117,0,0,6599,1.45625,0.032277618,2.21875,-63.42857143
04-07-2024,158,226,191,6790,225,-67,1.21,-33,-34,-67,0,0,6790,0.845132743,0.033136966,1.424050633,-63.57142857
02-07-2024,141,232,188,6823,184,-43,1.33,-47,4,-43,0,0,6823,0.810344828,0.02696761,1.304964539,-52.42857143
01-07-2024,123,233,159,6825,229,-106,1.29,-36,-70,-106,0,0,6825,0.682403433,0.033553114,1.861788618,-50.85714286
30-06-2024,123,230,167,6874,273,-150,1.36,-44,-106,-150,0,0,6874,0.726086957,0.039714868,2.219512195,-68.42857143
27-06-2024,174,208,256,7248,268,-94,1.47,-82,-12,-94,0,0,7248,1.230769231,0.036975717,1.540229885,-79.85714286
26-06-2024,132,235,197,7268,187,-55,1.49,-65,10,-55,0,0,7268,0.838297872,0.025729224,1.416666667,-90.28571429
25-06-2024,172,263,191,7239,202,-30,1.11,-19,-11,-30,0,0,7239,0.726235741,0.027904407,1.174418605,-77.85714286
24-06-2024,116,175,172,7239,202,-86,1.48,-56,-30,-86,0,0,7239,0.982857143,0.027904407,1.74137931,-80.57142857
23-06-2024,102,227,201,7247,294,-192,1.97,-99,-93,-192,0,0,7247,0.885462555,0.040568511,2.882352941,-101.8571429
20-06-2024,145,247,243,7431,235,-90,1.68,-98,8,-90,0,0,7431,0.983805668,0.031624277,1.620689655,-99.57142857
19-06-2024,204,321,246,7433,198,6,1.21,-42,48,6,0,0,7433,0.76635514,0.026637966,0.970588235,-77.28571429
18-06-2024,160,297,253,7340,214,-54,1.58,-93,39,-54,0,0,7340,0.851851852,0.029155313,1.3375,-71.57142857
17-06-2024,159,310,272,7318,224,-65,1.71,-113,48,-65,0,0,7318,0.877419355,0.030609456,1.408805031,-73
16-06-2024,204,315,233,7307,294,-90,1.14,-29,-61,-90,0,0,7307,0.73968254,0.040235391,1.441176471,-81.57142857
13-06-2024,167,293,230,7544,259,-92,1.38,-63,-29,-92,0,0,7544,0.784982935,0.034331919,1.550898204,-82.42857143
12-06-2024,152,266,274,7548,212,-60,1.8,-122,62,-60,0,0,7548,1.030075188,0.02808691,1.394736842,-63.57142857
11-06-2024,186,352,224,7493,156,30,1.2,-38,68,30,0,0,7493,0.636363636,0.020819431,0.838709677,-46.42857143
10-06-2024,184,334,229,7439,212,-28,1.24,-45,17,-28,0,0,7439,0.685628743,0.028498454,1.152173913,-51.28571429
09-06-2024,116,289,166,7451,312,-196,1.43,-50,-146,-196,0,0,7451,0.574394464,0.041873574,2.689655172,-71.57142857
06-06-2024,179,326,282,7741,238,-59,1.58,-103,44,-59,0,0,7741,0.865030675,0.030745382,1.329608939,-70.71428571
05-06-2024,173,345,291,7691,198,-25,1.68,-118,93,-25,0,0,7691,0.843478261,0.025744377,1.144508671,-61.42857143
04-06-2024,260,356,176,7565,203,57,0.68,84,-27,57,0,0,7565,0.494382022,0.026834104,0.780769231,-40.14285714
03-06-2024,109,244,257,7596,224,-115,2.36,-148,33,-115,0,0,7596,1.053278689,0.029489205,2.055045872,-48
02-06-2024,159,330,322,7546,306,-147,2.03,-163,16,-147,0,0,7546,0.975757576,0.040551285,1.924528302,-73.28571429
30-05-2024,167,406,339,7563,190,-23,2.03,-172,149,-23,0,0,7563,0.834975369,0.025122306,1.137724551,-72.57142857
29-05-2024,182,462,158,7491,141,41,0.87,24,17,41,0,0,7491,0.341991342,0.018822587,0.774725275,-38.71428571
28-05-2024,153,348,239,7418,151,2,1.56,-86,88,2,0,0,7418,0.686781609,0.020355891,0.986928105,-30
27-05-2024,156,344,252,7365,167,-11,1.62,-96,85,-11,0,0,7365,0.73255814,0.022674813,1.070512821,-28
23-05-2024,193,272,314,7494,227,-34,1.63,-121,87,-34,0,0,7494,1.154411765,0.030290899,1.176165803,-41
22-05-2024,168,349,272,7474,208,-40,1.62,-104,64,-40,0,0,7474,0.779369628,0.02782981,1.238095238,-30.28571429
21-05-2024,196,348,176,7404,145,51,0.9,20,31,51,0,0,7404,0.505747126,0.019584009,0.739795918,-2
20-05-2024,111,268,217,7368,192,-81,1.95,-106,25,-81,0,0,7368,0.809701493,0.026058632,1.72972973,-10.28571429
19-05-2024,143,295,278,7356,298,-155,1.94,-135,-20,-155,0,0,7356,0.942372881,0.040511147,2.083916084,-38.28571429
16-05-2024,206,340,214,7565,234,-28,1.04,-8,-20,-28,0,0,7565,0.629411765,0.030931923,1.13592233,-42.57142857
15-05-2024,115,285,341,7589,265,-150,2.97,-226,76,-150,0,0,7589,1.196491228,0.034918962,2.304347826,-62.42857143
14-05-2024,246,419,218,7546,186,60,0.89,28,32,60,0,0,7546,0.520286396,0.024648821,0.756097561,-49
13-05-2024,112,331,167,7499,157,-45,1.49,-55,10,-45,0,0,7499,0.504531722,0.020936125,1.401785714,-49.71428571
12-05-2024,138,301,263,7464,245,-107,1.91,-125,18,-107,0,0,7464,0.873754153,0.032824223,1.775362319,-72.28571429
09-05-2024,138,285,268,7570,244,-106,1.94,-130,24,-106,0,0,7570,0.940350877,0.032232497,1.768115942,-75.85714286
08-05-2024,167,374,205,7583,202,-35,1.23,-38,3,-35,0,0,7583,0.548128342,0.026638534,1.209580838,-58.71428571
07-05-2024,176,334,246,7566,163,13,1.4,-70,83,13,0,0,7566,0.736526946,0.021543748,0.926136364,-52.85714286
06-05-2024,173,337,211,7449,205,-32,1.22,-38,6,-32,0,0,7449,0.62611276,0.027520473,1.184971098,-36
05-05-2024,150,315,228,7447,332,-182,1.52,-78,-104,-182,0,0,7447,0.723809524,0.044581711,2.213333333,-70.57142857
02-05-2024,206,411,293,7577,194,12,1.42,-87,99,12,0,0,7577,0.712895377,0.025603801,0.941747573,-62.42857143
01-05-2024,197,437,295,7508,190,7,1.5,-98,105,7,0,0,7508,0.675057208,0.02530634,0.964467005,-46.14285714
30-04-2024,220,443,194,7431,135,85,0.88,26,59,85,0,0,7431,0.437923251,0.018167138,0.613636364,-18.85714286
29-04-2024,140,292,255,7373,187,-47,1.82,-115,68,-47,0,0,7373,0.873287671,0.02536281,1.335714286,-20.57142857
28-04-2024,158,349,365,7298,250,-92,2.31,-207,115,-92,0,0,7298,1.045845272,0.034255961,1.582278481,-35.57142857
25-04-2024,145,357,333,7209,217,-72,2.3,-188,116,-72,0,0,7209,0.932773109,0.030101262,1.496551724,-41.28571429
24-04-2024,253,411,307,7128,154,99,1.21,-54,153,99,0,0,7128,0.746958637,0.021604938,0.608695652,-1.142857143
23-04-2024,252,427,307,6967,134,118,1.22,-55,173,118,0,0,6967,0.718969555,0.019233529,0.531746032,14
22-04-2024,176,424,251,6799,214,-38,1.43,-75,37,-38,0,0,6799,0.591981132,0.031475217,1.215909091,7.571428571
21-04-2024,208,380,343,6745,240,-32,1.65,-135,103,-32,0,0,6745,0.902631579,0.035581913,1.153846154,-9.142857143
18-04-2024,144,322,258,6728,260,-116,1.79,-114,-2,-116,0,0,6728,0.801242236,0.038644471,1.805555556,-19
17-04-2024,182,371,274,6725,227,-45,1.51,-92,47,-45,0,0,6725,0.738544474,0.033754647,1.247252747,-12.28571429
16-04-2024,219,392,205,6685,163,56,0.94,14,42,56,0,0,6685,0.522959184,0.024382947,0.744292237,6
15-04-2024,144,303,176,6681,191,-47,1.22,-32,-15,-47,0,0,6681,0.580858086,0.028588535,1.326388889,-14.85714286
14-04-2024,128,245,243,6630,290,-162,1.9,-115,-47,-162,0,0,6630,0.991836735,0.043740573,2.265625,-54.85714286
11-04-2024,183,221,220,6912,285,-102,1.2,-37,-65,-102,0,0,6912,0.995475113,0.041232639,1.557377049,-64
10-04-2024,117,244,142,6999,227,-110,1.21,-25,-85,-110,0,0,6999,0.581967213,0.032433205,1.94017094,-75.14285714
09-04-2024,118,231,217,7043,130,-12,1.84,-99,87,-12,0,0,7043,0.939393939,0.018458043,1.101694915,-60.28571429
08-04-2024,102,230,167,6988,199,-97,1.64,-65,-32,-97,0,0,6988,0.726086957,0.02847739,1.950980392,-67.71428571
07-04-2024,106,239,233,6982,279,-173,2.2,-127,-46,-173,0,0,6982,0.974895397,0.039959897,2.632075472,-100.4285714
04-04-2024,95,226,152,7317,225,-130,1.6,-57,-73,-130,0,0,7317,0.672566372,0.030750308,2.368421053,-112.2857143
03-04-2024,124,230,190,7346,163,-39,1.53,-66,27,-39,0,0,7346,0.826086957,0.022188946,1.314516129,-94.71428571
02-04-2024,101,230,175,7340,132,-31,1.73,-74,43,-31,0,0,7340,0.760869565,0.017983651,1.306930693,-84.57142857
01-04-2024,109,235,171,7271,172,-63,1.57,-62,-1,-63,0,0,7271,0.727659574,0.023655618,1.577981651,-77.85714286
31-03-2024,105,254,151,7257,287,-182,1.44,-46,-136,-182,0,0,7257,0.594488189,0.039548023,2.733333333,-102.1428571
28-03-2024,161,288,248,7762,360,-199,1.54,-87,-112,-199,0,0,7762,0.861111111,0.046379799,2.236024845,-116.7142857
27-03-2024,129,287,185,7893,215,-86,1.43,-56,-30,-86,0,0,7893,0.644599303,0.027239326,1.666666667,-104.2857143
26-03-2024,187,276,200,7919,208,-21,1.07,-13,-8,-21,0,0,7919,0.724637681,0.026265943,1.112299465,-88.71428571
25-03-2024,128,242,224,7899,229,-101,1.75,-96,-5,-101,0,0,7899,0.925619835,0.028991012,1.7890625,-97.57142857
24-03-2024,124,264,221,7899,373,-249,1.78,-97,-152,-249,0,0,7899,0.837121212,0.047221167,3.008064516,-128.7142857
21-03-2024,132,261,141,8292,235,-103,1.07,-9,-94,-103,0,0,8292,0.540229885,0.028340569,1.78030303,-134.4285714
20-03-2024,91,181,174,8365,227,-136,1.91,-83,-53,-136,0,0,8365,0.961325967,0.02713688,2.494505495,-127.8571429
19-03-2024,99,202,256,8390,197,-98,2.59,-157,59,-98,0,0,8390,1.267326733,0.023480334,1.98989899,-113.4285714
18-03-2024,123,243,188,8333,283,-160,1.53,-65,-95,-160,0,0,8333,0.773662551,0.033961358,2.300813008,-124
17-03-2024,127,260,259,8373,342,-215,2.04,-132,-83,-215,0,0,8373,0.996153846,0.040845575,2.692913386,-151.7142857
14-03-2024,166,301,252,8695,310,-144,1.52,-86,-58,-144,0,0,8695,0.837209302,0.035652674,1.86746988,-157.8571429
13-03-2024,165,358,167,8819,239,-74,1.01,-2,-72,-74,0,0,8819,0.466480447,0.027100578,1.448484848,-132.8571429
12-03-2024,154,294,290,8843,213,-59,1.88,-136,77,-59,0,0,8843,0.986394558,0.024086848,1.383116883,-126.5714286
11-03-2024,178,336,290,8757,253,-75,1.63,-112,37,-75,0,0,8757,0.863095238,0.028891173,1.421348315,-117.8571429
10-03-2024,190,368,326,8714,373,-183,1.72,-136,-47,-183,0,0,8714,0.885869565,0.042804682,1.963157895,-130
07-03-2024,181,424,328,8902,305,-124,1.81,-147,23,-124,0,0,8902,0.773584906,0.034261964,1.685082873,-124.8571429
06-03-2024,230,457,277,8870,232,-2,1.2,-47,45,-2,0,0,8870,0.606126915,0.026155581,1.008695652,-94.42857143
05-03-2024,246,472,345,8800,214,32,1.4,-99,131,32,0,0,8800,0.730932203,0.024318182,0.869918699,-69.28571429
04-03-2024,225,509,340,8660,229,-4,1.51,-115,111,-4,0,0,8660,0.667976424,0.026443418,1.017777778,-59.28571429
03-03-2024,236,468,347,8594,354,-118,1.47,-111,-7,-118,0,0,8594,0.741452991,0.041191529,1.5,-67.71428571
29-02-2024,262,444,354,8724,299,-37,1.35,-92,55,-37,0,0,8724,0.797297297,0.034273269,1.141221374,-62.28571429
28-02-2024,209,447,274,8699,257,-48,1.31,-65,17,-48,0,0,8699,0.612975391,0.029543626,1.229665072,-43
27-02-2024,197,369,306,8650,206,-9,1.55,-109,100,-9,0,0,8650,0.829268293,0.023815029,1.045685279,-26.57142857
26-02-2024,199,438,326,8404,329,-130,1.64,-127,-3,-130,0,0,8404,0.744292237,0.039148025,1.653266332,-44.85714286
25-02-2024,244,482,366,8404,329,-85,1.5,-122,37,-85,0,0,8404,0.7593361,0.039148025,1.348360656,-61.57142857
22-02-2024,165,400,292,8607,293,-128,1.77,-127,-1,-128,0,0,8607,0.73,0.034042059,1.775757576,-79.28571429
21-02-2024,232,430,318,8573,231,1,1.37,-86,87,1,0,0,8573,0.739534884,0.02694506,0.995689655,-62.28571429
20-02-2024,149,395,273,8488,192,-43,1.83,-124,81,-43,0,0,8488,0.691139241,0.02262017,1.288590604,-63.14285714
19-02-2024,249,420,371,8380,218,31,1.49,-122,153,31,0,0,8380,0.883333333,0.02601432,0.875502008,-51.85714286
15-02-2024,333,508,272,8463,312,21,0.82,61,-40,21,0,0,8463,0.535433071,0.036866359,0.936936937,-47.57142857
14-02-2024,185,322,272,8512,230,-45,1.47,-87,42,-45,0,0,8512,0.844720497,0.027020677,1.243243243,-35.42857143
13-02-2024,227,369,349,8348,160,67,1.54,-122,189,67,0,0,8348,0.945799458,0.019166267,0.704845815,-13.71428571
12-02-2024,213,430,440,8092,234,-21,2.07,-227,206,-21,0,0,8092,1.023255814,0.028917449,1.098591549,1.571428571
11-02-2024,205,515,226,8056,347,-142,1.1,-21,-121,-142,0,0,8056,0.438834951,0.043073486,1.692682927,-18.85714286
08-02-2024,298,499,358,8188,315,-17,1.2,-60,43,-17,0,0,8188,0.71743487,0.038470933,1.05704698,-15.14285714
07-02-2024,227,453,330,8160,222,5,1.45,-103,108,5,0,0,8160,0.728476821,0.027205882,0.977973568,-18.85714286
06-02-2024,291,455,323,8045,178,113,1.11,-32,145,113,0,0,8045,0.70989011,0.022125544,0.611683849,-5.714285714
05-02-2024,157,466,345,7872,242,-85,2.2,-188,103,-85,0,0,7872,0.740343348,0.03074187,1.541401274,-11.42857143
04-02-2024,253,531,248,7813,342,-89,0.98,5,-94,-89,0,0,7813,0.467043315,0.043773199,1.351778656,-33.71428571
01-02-2024,222,459,289,8026,337,-115,1.3,-67,-48,-115,0,0,8026,0.62962963,0.041988537,1.518018018,-47.14285714
31-01-2024,203,477,258,8153,266,-63,1.27,-55,-8,-63,0,0,8153,0.540880503,0.032626027,1.310344828,-35.85714286
30-01-2024,93,198,208,8182,187,-94,2.24,-115,21,-94,0,0,8182,1.050505051,0.022855048,2.010752688,-46.85714286
29-01-2024,137,272,166,8057,195,-58,1.21,-29,-29,-58,0,0,8057,0.610294118,0.024202557,1.423357664,-55.85714286
28-01-2024,120,257,126,8004,307,-187,1.05,-6,-181,-187,0,0,8004,0.490272374,0.038355822,2.558333333,-98.71428571
25-01-2024,102,189,155,8180,293,-191,1.52,-53,-138,-191,0,0,8180,0.82010582,0.035819071,2.87254902,-113.8571429
24-01-2024,90,196,205,8212,243,-153,2.28,-115,-38,-153,0,0,8212,1.045918367,0.029590843,2.7,-123
23-01-2024,128,228,177,8133,202,-74,1.38,-49,-25,-74,0,0,8133,0.776315789,0.024837083,1.578125,-117.1428571
22-01-2024,136,246,123,8008,222,-86,0.9,13,-99,-86,0,0,8008,0.5,0.027722278,1.632352941,-120.4285714
21-01-2024,105,185,158,7974,371,-266,1.5,-53,-213,-266,0,0,7974,0.854054054,0.04652621,3.533333333,-145
18-01-2024,116,188,164,8042,359,-243,1.41,-48,-195,-243,0,0,8042,0.872340426,0.044640637,3.094827586,-171.4285714
17-01-2024,80,176,125,8072,353,-273,1.56,-45,-228,-273,0,0,8072,0.710227273,0.043731417,4.4125,-183.7142857
16-01-2024,32,49,39,8133,188,-156,1.22,-7,-149,-156,0,0,8133,0.795918367,0.023115701,5.875,-178.7142857
15-01-2024,33,53,34,8033,234,-201,1.03,-1,-200,-201,0,0,8033,0.641509434,0.029129839,7.090909091,-185.5714286
11-01-2024,29,51,11,8829,476,-447,0.38,18,-465,-447,0,0,8829,0.215686275,0.05391324,16.4137931,-238.8571429
10-01-2024,91,75,97,9144,349,-258,1.07,-6,-252,-258,0,0,9144,1.293333333,0.038167104,3.835164835,-263.4285714
09-01-2024,62,97,52,9311,286,-224,0.84,10,-234,-224,0,0,9311,0.536082474,0.030716357,4.612903226,-257.4285714
08-01-2024,59,64,117,9670,367,-308,1.98,-58,-250,-308,0,0,9670,1.828125,0.03795243,6.220338983,-266.7142857
07-01-2024,84,118,136,9670,367,-283,1.62,-52,-231,-283,0,0,9670,1.152542373,0.03795243,4.369047619,-268.1428571
04-01-2024,86,152,168,10558,362,-276,1.95,-82,-194,-276,0,0,10558,1.105263158,0.034286797,4.209302326,-285.2857143
03-01-2024,106,196,131,10718,263,-157,1.24,-25,-132,-157,0,0,10718,0.668367347,0.02453816,2.481132075,-279
02-01-2024,113,162,107,10770,316,-203,0.95,6,-209,-203,0,0,10770,0.660493827,0.029340761,2.796460177,-244.1428571
01-01-2024,92,124,93,10870,290,-198,1.01,-1,-197,-198,0,0,10870,0.75,0.026678933,3.152173913,-235.5714286
28-12-2023,68,107,102,11230,357,-289,1.5,-34,-255,-289,0,0,11230,0.953271028,0.031789849,5.25,-244.8571429
27-12-2023,74,103,80,11206,335,-261,1.08,-6,-255,-261,0,0,11206,0.776699029,0.029894699,4.527027027,-238.1428571
26-12-2023,56,82,68,11217,288,-232,1.21,-12,-220,-232,0,0,11217,0.829268293,0.025675314,5.142857143,-230.8571429
25-12-2023,90,196,205,11144,347,-257,2.28,-115,-142,-257,0,0,11144,1.045918367,0.031137832,3.855555556,-228.1428571
21-12-2023,128,228,177,11375,497,-369,1.38,-49,-320,-369,0,0,11375,0.776315789,0.043692308,3.8828125,-258.4285714
20-12-2023,136,246,123,11516,390,-254,0.9,13,-267,-254,0,0,11516,0.5,0.033865926,2.867647059,-265.7142857
19-12-2023,105,185,158,11291,272,-167,1.5,-53,-114,-167,0,0,11291,0.854054054,0.024089983,2.59047619,-261.2857143
18-12-2023,116,188,164,11149,364,-248,1.41,-48,-200,-248,0,0,11149,0.872340426,0.032648668,3.137931034,-255.4285714
17-12-2023,80,176,125,11092,456,-376,1.56,-45,-331,-376,0,0,11092,0.710227273,0.04111071,5.7,-271.8571429
14-12-2023,150,157,201,11242,396,-246,1.34,-51,-195,-246,0,0,11242,1.280254777,0.035225049,2.64,-273.8571429
13-12-2023,116,181,182,11192,335,-219,1.57,-66,-153,-219,0,0,11192,1.005524862,0.029932094,2.887931034,-268.4285714
12-12-2023,141,173,129,11077,259,-118,0.91,12,-130,-118,0,0,11077,0.74566474,0.023381782,1.836879433,-232.5714286
11-12-2023,96,160,233,10998,304,-208,2.43,-137,-71,-208,0,0,10998,1.45625,0.027641389,3.166666667,-226
10-12-2023,158,226,191,10871,411,-253,1.21,-33,-220,-253,0,0,10871,0.845132743,0.037807009,2.601265823,-238.2857143
07-12-2023,141,232,188,10897,466,-325,1.33,-47,-278,-325,0,0,10897,0.810344828,0.042764064,3.304964539,-249.2857143
06-12-2023,123,233,159,10832,376,-253,1.29,-36,-217,-253,0,0,10832,0.682403433,0.034711965,3.056910569,-231.7142857
05-12-2023,123,230,167,10761,261,-138,1.36,-44,-94,-138,0,0,10761,0.726086957,0.024254251,2.12195122,-216.2857143
04-12-2023,174,208,256,10635,273,-99,1.47,-82,-17,-99,0,0,10635,1.230769231,0.025669958,1.568965517,-199.1428571
03-12-2023,132,235,197,10579,417,-285,1.49,-65,-220,-285,0,0,10579,0.838297872,0.039417714,3.159090909,-223
30-11-2023,92,124,93,10536,320,-228,1.01,-1,-227,-228,0,0,10536,0.75,0.030372058,3.47826087,-225.8571429
29-11-2023,68,107,102,10398,284,-216,1.5,-34,-182,-216,0,0,10398,0.953271028,0.027312945,4.176470588,-220.5714286
28-11-2023,74,103,80,10223,223,-149,1.08,-6,-143,-149,0,0,10223,0.776699029,0.021813558,3.013513514,-195.4285714
27-11-2023,56,82,68,10123,214,-158,1.21,-12,-146,-158,0,0,10123,0.829268293,0.021139978,3.821428571,-181.8571429
26-11-2023,90,196,205,9845,312,-222,2.28,-115,-107,-222,0,0,9845,1.045918367,0.031691214,3.466666667,-193.8571429
23-11-2023,128,228,177,9838,283,-155,1.38,-49,-106,-155,0,0,9838,0.776315789,0.028766009,2.2109375,-201.8571429
21-11-2023,136,246,123,9804,250,-114,0.9,13,-127,-114,0,0,9804,0.5,0.025499796,1.838235294,-177.4285714
20-11-2023,105,185,158,9638,298,-193,1.5,-53,-140,-193,0,0,9638,0.854054054,0.030919278,2.838095238,-172.4285714
19-11-2023,116,188,164,9573,435,-319,1.41,-48,-271,-319,0,0,9573,0.872340426,0.045440301,3.75,-187.1428571
16-11-2023,80,176,125,9762,374,-294,1.56,-45,-249,-294,0,0,9762,0.710227273,0.038311821,4.675,-207.8571429
15-11-2023,150,157,201,9762,316,-166,1.34,-51,-115,-166,0,0,9762,1.280254777,0.032370416,2.106666667,-209
14-11-2023,116,181,182,9665,247,-131,1.57,-66,-65,-131,0,0,9665,1.005524862,0.02555613,2.129310345,-196
13-11-2023,141,173,129,9510,287,-146,0.91,12,-158,-146,0,0,9510,0.74566474,0.030178759,2.035460993,-194.7142857
12-11-2023,96,160,233,9477,313,-217,2.43,-137,-80,-217,0,0,9477,1.45625,0.033027329,3.260416667,-209.4285714
08-11-2023,158,226,191,9634,310,-152,1.21,-33,-119,-152,0,0,9634,0.845132743,0.032177704,1.962025316,-203.5714286
07-11-2023,141,232,188,9483,231,-90,1.33,-47,-43,-90,0,0,9483,0.810344828,0.02435938,1.638297872,-170.8571429
06-11-2023,123,233,159,9286,316,-193,1.29,-36,-157,-193,0,0,9286,0.682403433,0.034029722,2.569105691,-156.4285714
05-11-2023,123,230,167,9273,370,-247,1.36,-44,-203,-247,0,0,9273,0.726086957,0.039900787,3.008130081,-168
02-11-2023,174,208,256,9442,330,-156,1.47,-82,-74,-156,0,0,9442,1.230769231,0.034950222,1.896551724,-171.5714286
01-11-2023,132,235,197,9250,279,-147,1.49,-65,-82,-147,0,0,9250,0.838297872,0.030162162,2.113636364,-171.7142857
31-10-2023,33,53,34,9072,295,-262,1.03,-1,-261,-262,0,0,9072,0.641509434,0.032517637,8.939393939,-178.1428571
30-10-2023,29,51,11,9026,278,-249,0.38,18,-267,-249,0,0,9026,0.215686275,0.030799911,9.586206897,-192
29-10-2023,91,75,97,8925,418,-327,1.07,-6,-321,-327,0,0,8925,1.293333333,0.046834734,4.593406593,-225.8571429
26-10-2023,62,97,52,9235,390,-328,0.84,10,-338,-328,0,0,9235,0.536082474,0.042230644,6.290322581,-245.1428571
25-10-2023,59,64,117,9351,293,-234,1.98,-58,-176,-234,0,0,9351,1.828125,0.031333547,4.966101695,-243.2857143
24-10-2023,84,118,136,9396,300,-216,1.62,-52,-164,-216,0,0,9396,1.152542373,0.03192848,3.571428571,-251.8571429
23-10-2023,86,152,168,9436,327,-241,1.95,-82,-159,-241,0,0,9436,1.105263158,0.034654515,3.802325581,-265.2857143
22-10-2023,106,196,131,9506,454,-348,1.24,-25,-323,-348,0,0,9506,0.668367347,0.04775931,4.283018868,-277.5714286
19-10-2023,113,162,107,10319,406,-293,0.95,6,-299,-293,0,0,10319,0.660493827,0.039344898,3.592920354,-283.8571429
18-10-2023,92,124,93,10511,393,-301,1.01,-1,-300,-301,0,0,10511,0.75,0.037389402,4.27173913,-280.1428571
17-10-2023,68,107,102,10630,315,-247,1.5,-34,-213,-247,0,0,10630,0.953271028,0.029633114,4.632352941,-268.5714286
16-10-2023,74,103,80,10629,331,-257,1.08,-6,-251,-257,0,0,10629,0.776699029,0.031141217,4.472972973,-271.8571429
15-10-2023,56,82,68,10571,434,-378,1.21,-12,-366,-378,0,0,10571,0.829268293,0.041055718,7.75,-295
12-10-2023,38,80,82,10992,398,-360,2.16,-44,-316,-360,0,0,10992,1.025,0.036208151,10.47368421,-312
11-10-2023,65,83,65,10960,266,-201,1,0,-201,-201,0,0,10960,0.78313253,0.024270073,4.092307692,-291
10-10-2023,41,60,71,10910,257,-216,1.73,-30,-186,-216,0,0,10910,1.183333333,0.02355637,6.268292683,-280
09-10-2023,43,73,64,10815,282,-239,1.49,-21,-218,-239,0,0,10815,0.876712329,0.026074896,6.558139535,-271.1428571
05-10-2023,35,70,53,11130,427,-392,1.51,-18,-374,-392,0,0,11130,0.757142857,0.03836478,12.2,-291.8571429
04-10-2023,25,66,94,10963,330,-305,3.76,-69,-236,-305,0,0,10963,1.424242424,0.03010125,13.2,-298.7142857
03-10-2023,99,156,139,10818,287,-188,1.4,-40,-148,-188,0,0,10818,0.891025641,0.026529858,2.898989899,-271.5714286
02-10-2023,107,170,133,10724,284,-177,1.24,-26,-151,-177,0,0,10724,0.782352941,0.026482656,2.654205607,-245.4285714
01-10-2023,80,122,152,10598,493,-413,1.9,-72,-341,-413,0,0,10598,1.245901639,0.046518211,6.1625,-275.7142857
28-09-2023,57,162,193,10984,447,-390,3.39,-136,-254,-390,0,0,10984,1.191358025,0.040695557,7.842105263,-300.5714286
27-09-2023,161,304,211,11017,331,-170,1.31,-50,-120,-170,0,0,11017,0.694078947,0.030044477,2.055900621,-290.7142857
26-09-2023,205,294,177,10978,332,-127,0.86,28,-155,-127,0,0,10978,0.602040816,0.030242303,1.619512195,-252.8571429
25-09-2023,100,255,236,10842,284,-184,2.36,-136,-48,-184,0,0,10842,0.925490196,0.026194429,2.84,-235.5714286
24-09-2023,269,412,204,10744,403,-134,0.76,65,-199,-134,0,0,10744,0.495145631,0.037509308,1.498141264,-227.8571429
21-09-2023,168,285,210,11067,428,-260,1.25,-42,-218,-260,0,0,11067,0.736842105,0.038673534,2.547619048,-239.7142857
20-09-2023,187,310,247,11064,364,-177,1.32,-60,-117,-177,0,0,11064,0.796774194,0.032899494,1.946524064,-206
19-09-2023,133,287,189,11095,260,-127,1.42,-56,-71,-127,0,0,11095,0.658536585,0.023433979,1.954887218,-168.4285714
18-09-2023,180,337,219,10892,313,-133,1.22,-39,-94,-133,0,0,10892,0.649851632,0.028736687,1.738888889,-163.1428571
17-09-2023,153,253,286,10799,427,-274,1.87,-133,-141,-274,0,0,10799,1.130434783,0.039540698,2.790849673,-184.1428571
14-09-2023,209,353,232,10837,414,-205,1.11,-23,-182,-205,0,0,10837,0.657223796,0.038202455,1.980861244,-187.1428571
13-09-2023,167,326,213,10678,343,-176,1.28,-46,-130,-176,0,0,10678,0.653374233,0.03212212,2.053892216,-193.1428571
12-09-2023,224,315,152,10649,316,-92,0.68,72,-164,-92,0,0,10649,0.482539683,0.029674148,1.410714286,-169.1428571
11-09-2023,132,243,183,10492,277,-145,1.39,-51,-94,-145,0,0,10492,0.75308642,0.026401067,2.098484848,-164.5714286
10-09-2023,218,283,208,10282,382,-164,0.95,10,-174,-164,0,0,10282,0.734982332,0.037152305,1.752293578,-169.8571429
07-09-2023,118,245,160,10419,398,-280,1.36,-42,-238,-280,0,0,10419,0.653061224,0.038199443,3.372881356,-190.8571429
06-09-2023,81,230,242,10356,291,-210,2.99,-161,-49,-210,0,0,10356,1.052173913,0.028099652,3.592592593,-181.7142857
05-09-2023,236,330,222,10142,243,-7,0.94,14,-21,-7,0,0,10142,0.672727273,0.023959771,1.029661017,-153.4285714
04-09-2023,196,306,187,9988,293,-97,0.95,9,-106,-97,0,0,9988,0.611111111,0.029335202,1.494897959,-142.1428571
31-08-2023,113,280,237,10140,505,-392,2.1,-124,-268,-392,0,0,10140,0.846428571,0.049802761,4.469026549,-185
30-08-2023,239,367,224,10280,366,-127,0.94,15,-142,-127,0,0,10280,0.610354223,0.035603113,1.531380753,-182.4285714
29-08-2023,152,272,214,10180,286,-134,1.41,-62,-72,-134,0,0,10180,0.786764706,0.028094303,1.881578947,-178.1428571
28-08-2023,170,297,196,10012,388,-218,1.15,-26,-192,-218,0,0,10012,0.65993266,0.038753496,2.282352941,-169.2857143
27-08-2023,191,283,192,9873,488,-297,1.01,-1,-296,-297,0,0,9873,0.67844523,0.049427732,2.554973822,-181.7142857
24-08-2023,109,214,173,10026,443,-334,1.59,-64,-270,-334,0,0,10026,0.808411215,0.044185119,4.064220183,-228.4285714
23-08-2023,155,212,181,10071,285,-130,1.17,-26,-104,-130,0,0,10071,0.853773585,0.028299077,1.838709677,-233.1428571
22-08-2023,119,209,152,9921,230,-111,1.28,-33,-78,-111,0,0,9921,0.727272727,0.023183147,1.932773109,-193
21-08-2023,143,203,163,9668,281,-138,1.14,-20,-118,-138,0,0,9668,0.802955665,0.029064957,1.965034965,-194.5714286
20-08-2023,105,210,149,9483,390,-285,1.42,-44,-241,-285,0,0,9483,0.70952381,0.041126226,3.714285714,-216.1428571
17-08-2023,119,219,210,9694,407,-288,1.76,-91,-197,-288,0,0,9694,0.95890411,0.041984733,3.420168067,-226.1428571
16-08-2023,148,245,175,9634,288,-140,1.18,-27,-113,-140,0,0,9634,0.714285714,0.029894125,1.945945946,-203.7142857
10-08-2023,142,235,139,8914,353,-211,0.98,3,-214,-211,0,0,8914,0.591489362,0.039600628,2.485915493,-186.1428571
09-08-2023,118,139,168,8888,251,-133,1.42,-50,-83,-133,0,0,8888,1.208633094,0.028240324,2.127118644,-186.5714286
08-08-2023,125,232,192,8725,207,-82,1.54,-67,-15,-82,0,0,8725,0.827586207,0.023724928,1.656,-182.4285714
07-08-2023,156,256,176,8493,202,-46,1.13,-20,-26,-46,0,0,8493,0.6875,0.023784293,1.294871795,-169.2857143
06-08-2023,109,245,159,8298,322,-213,1.46,-50,-163,-213,0,0,8298,0.648979592,0.038804531,2.95412844,-159
03-08-2023,167,209,157,8294,339,-172,0.94,10,-182,-172,0,0,8294,0.751196172,0.04087292,2.02994012,-142.4285714
02-08-2023,84,171,157,8261,271,-187,1.87,-73,-114,-187,0,0,8261,0.918128655,0.032804745,3.226190476,-149.1428571
01-08-2023,87,246,173,8103,168,-81,1.99,-86,5,-81,0,0,8103,0.703252033,0.020733062,1.931034483,-130.5714286
31-07-2023,136,276,178,7800,220,-84,1.31,-42,-42,-84,0,0,7800,0.644927536,0.028205128,1.617647059,-123.5714286
30-07-2023,166,277,229,7671,305,-139,1.38,-63,-76,-139,0,0,7671,0.826714801,0.039760136,1.837349398,-131.7142857
27-07-2023,110,272,193,7754,259,-149,1.75,-83,-66,-149,0,0,7754,0.709558824,0.033402115,2.354545455,-146.4285714
26-07-2023,202,313,158,7647,215,-13,0.78,44,-57,-13,0,0,7647,0.504792332,0.028115601,1.064356436,-117.8571429
25-07-2023,134,294,186,7510,136,-2,1.39,-52,50,-2,0,0,7510,0.632653061,0.018109188,1.014925373,-93.57142857
24-07-2023,180,280,146,7220,187,-7,0.81,34,-41,-7,0,0,7220,0.521428571,0.025900277,1.038888889,-67.85714286
23-07-2023,108,220,213,7052,276,-168,1.97,-105,-63,-168,0,0,7052,0.968181818,0.039137833,2.555555556,-80.28571429
20-07-2023,147,276,214,7116,281,-134,1.46,-67,-67,-134,0,0,7116,0.775362319,0.039488477,1.911564626,-87.42857143
19-07-2023,104,230,206,7001,226,-122,1.98,-102,-20,-122,0,0,7001,0.895652174,0.032281103,2.173076923,-85
18-07-2023,174,285,150,6874,181,-7,0.86,24,-31,-7,0,0,6874,0.526315789,0.026331103,1.040229885,-64.71428571
17-07-2023,113,208,159,6632,160,-47,1.41,-46,-1,-47,0,0,6632,0.764423077,0.024125452,1.415929204,-69.57142857
16-07-2023,88,214,160,6468,218,-130,1.82,-72,-58,-130,0,0,6468,0.747663551,0.033704391,2.477272727,-87.85714286
13-07-2023,130,227,192,6604,226,-96,1.48,-62,-34,-96,0,0,6604,0.845814978,0.034221684,1.738461538,-100.5714286
12-07-2023,84,158,193,6521,210,-126,2.3,-109,-17,-126,0,0,6521,1.221518987,0.03220365,2.5,-94.57142857
11-07-2023,115,216,169,6498,143,-28,1.47,-54,26,-28,0,0,6498,0.782407407,0.022006771,1.243478261,-79.42857143
10-07-2023,167,239,166,6346,163,4,0.99,1,3,4,0,0,6346,0.694560669,0.025685471,0.976047904,-61.42857143
09-07-2023,99,190,176,6214,196,-97,1.78,-77,-20,-97,0,0,6214,0.926315789,0.03154168,1.97979798,-74.28571429
06-07-2023,101,162,178,6239,205,-104,1.76,-77,-27,-104,0,0,6239,1.098765432,0.03285783,2.02970297,-82.42857143
05-07-2023,107,215,230,6193,167,-60,2.15,-123,63,-60,0,0,6193,1.069767442,0.026965929,1.560747664,-72.42857143
04-07-2023,184,314,217,6127,124,60,1.18,-33,93,60,0,0,6127,0.691082803,0.02023829,0.673913043,-50.14285714
02-07-2023,209,285,184,5903,309,-100,0.88,25,-125,-100,0,0,5903,0.645614035,0.052346265,1.4784689,-46.42857143
29-06-2023,81,213,153,6058,213,-132,1.89,-72,-60,-132,0,0,6058,0.718309859,0.035160119,2.62962963,-61.28571429
28-06-2023,91,199,172,5999,174,-83,1.89,-81,-2,-83,0,0,5999,0.864321608,0.029004834,1.912087912,-73.71428571
27-06-2023,154,225,220,5917,155,-1,1.43,-66,65,-1,0,0,5917,0.977777778,0.026195707,1.006493506,-60
26-06-2023,186,259,172,5819,174,12,0.92,14,-2,12,0,0,5819,0.664092664,0.029902045,0.935483871,-43.42857143
25-06-2023,92,203,173,5766,263,-171,1.88,-81,-90,-171,0,0,5766,0.852216749,0.04561221,2.858695652,-59.28571429
22-06-2023,124,234,161,5956,207,-83,1.3,-37,-46,-83,0,0,5956,0.688034188,0.034754869,1.669354839,-79.71428571
21-06-2023,93,196,169,5922,149,-56,1.82,-76,20,-56,0,0,5922,0.862244898,0.025160419,1.602150538,-73.42857143
20-06-2023,33,53,34,5904,134,-101,1.03,-1,-100,-101,0,0,5904,0.641509434,0.022696477,4.060606061,-69
19-06-2023,29,51,11,5679,142,-113,0.38,18,-131,-113,0,0,5679,0.215686275,0.025004402,4.896551724,-73.28571429
15-06-2023,91,75,97,6038,272,-181,1.07,-6,-175,-181,0,0,6038,1.293333333,0.045048029,2.989010989,-99
14-06-2023,62,97,52,6065,167,-105,0.84,10,-115,-105,0,0,6065,0.536082474,0.027535037,2.693548387,-115.7142857
13-06-2023,59,64,117,6061,146,-87,1.98,-58,-29,-87,0,0,6061,1.828125,0.024088434,2.474576271,-103.7142857
12-06-2023,84,118,136,6021,177,-93,1.62,-52,-41,-93,0,0,6021,1.152542373,0.02939711,2.107142857,-105.1428571
11-06-2023,86,152,168,6007,238,-152,1.95,-82,-70,-152,0,0,6007,1.105263158,0.039620443,2.76744186,-118.8571429
08-06-2023,106,196,131,6446,255,-149,1.24,-25,-124,-149,0,0,6446,0.668367347,0.039559417,2.405660377,-125.7142857
07-06-2023,113,162,107,6483,208,-95,0.95,6,-101,-95,0,0,6483,0.660493827,0.032083912,1.840707965,-123.1428571
06-06-2023,92,124,93,6508,187,-95,1.01,-1,-94,-95,0,0,6508,0.75,0.028733866,2.032608696,-110.8571429
05-06-2023,68,107,102,6523,189,-121,1.5,-34,-87,-121,0,0,6523,0.953271028,0.028974398,2.779411765,-113.1428571
04-06-2023,74,103,80,6555,292,-218,1.08,-6,-212,-218,0,0,6555,0.776699029,0.044546148,3.945945946,-131.8571429
01-06-2023,56,82,68,7002,287,-231,1.21,-12,-219,-231,0,0,7002,0.829268293,0.040988289,5.125,-151.5714286
31-05-2023,38,80,82,7053,210,-172,2.16,-44,-128,-172,0,0,7053,1.025,0.029774564,5.526315789,-154.4285714
30-05-2023,65,83,65,7046,168,-103,1,0,-103,-103,0,0,7046,0.78313253,0.023843315,2.584615385,-147.8571429
29-05-2023,41,60,71,6996,207,-166,1.73,-30,-136,-166,0,0,6996,1.183333333,0.029588336,5.048780488,-158
25-05-2023,43,73,64,7546,408,-365,1.49,-21,-344,-365,0,0,7546,0.876712329,0.054068381,9.488372093,-196.5714286
24-05-2023,35,70,53,7709,276,-241,1.51,-18,-223,-241,0,0,7709,0.757142857,0.035802309,7.885714286,-213.7142857
23-05-2023,25,66,94,7788,246,-221,3.76,-69,-152,-221,0,0,7788,1.424242424,0.031587057,9.84,-214.1428571
22-05-2023,99,156,139,7848,240,-141,1.4,-40,-101,-141,0,0,7848,0.891025641,0.03058104,2.424242424,-201.2857143
21-05-2023,107,170,133,7826,343,-236,1.24,-26,-210,-236,0,0,7826,0.782352941,0.043828265,3.205607477,-210.4285714
18-05-2023,80,122,152,8474,351,-271,1.9,-72,-199,-271,0,0,8474,1.245901639,0.041420817,4.3875,-234.4285714
17-05-2023,57,162,193,8569,307,-250,3.39,-136,-114,-250,0,0,8569,1.191358025,0.035826818,5.385964912,-246.4285714
16-05-2023,161,304,211,8572,272,-111,1.31,-50,-61,-111,0,0,8572,0.694078947,0.031731218,1.689440994,-210.1428571
15-05-2023,205,294,177,8571,277,-72,0.86,28,-100,-72,0,0,8571,0.602040816,0.032318283,1.351219512,-186
14-05-2023,100,255,236,8445,288,-188,2.36,-136,-52,-188,0,0,8445,0.925490196,0.03410302,2.88,-181.2857143
11-05-2023,269,412,204,8672,392,-123,0.76,65,-188,-123,0,0,8672,0.495145631,0.045202952,1.457249071,-178.7142857
10-05-2023,168,285,210,8681,304,-136,1.25,-42,-94,-136,0,0,8681,0.736842105,0.035019007,1.80952381,-164.4285714
09-05-2023,187,310,247,8606,250,-63,1.32,-60,-3,-63,0,0,8606,0.796774194,0.0290495,1.336898396,-134.7142857
08-05-2023,133,287,189,8590,261,-128,1.42,-56,-72,-128,0,0,8590,0.658536585,0.030384168,1.962406015,-117.2857143
07-05-2023,180,337,219,8485,375,-195,1.22,-39,-156,-195,0,0,8485,0.649851632,0.044195639,2.083333333,-129.2857143
04-05-2023,153,253,286,8790,332,-179,1.87,-133,-46,-179,0,0,8790,1.130434783,0.037770193,2.169934641,-144.5714286
03-05-2023,209,353,232,8704,267,-58,1.11,-23,-35,-58,0,0,8704,0.657223796,0.030675551,1.277511962,-126
02-05-2023,167,326,213,8654,245,-78,1.28,-46,-32,-78,0,0,8654,0.653374233,0.028310608,1.467065868,-119.5714286
01-05-2023,224,315,152,8492,237,-13,0.68,72,-85,-13,0,0,8492,0.482539683,0.02790862,1.058035714,-102
30-04-2023,132,243,183,8352,293,-161,1.39,-51,-110,-161,0,0,8352,0.75308642,0.035081418,2.21969697,-116
27-04-2023,218,283,208,8159,310,-92,0.95,10,-102,-92,0,0,8159,0.734982332,0.037994852,1.422018349,-110.8571429
26-04-2023,118,245,160,8117,256,-138,1.36,-42,-96,-138,0,0,8117,0.653061224,0.031538746,2.169491525,-102.7142857
25-04-2023,81,230,242,8017,202,-121,2.99,-161,40,-121,0,0,8017,1.052173913,0.025196458,2.49382716,-94.42857143
24-04-2023,236,330,222,7796,213,23,0.94,14,9,23,0,0,7796,0.672727273,0.027321703,0.902542373,-82.85714286
23-04-2023,196,306,187,7534,266,-70,0.95,9,-79,-70,0,0,7534,0.611111111,0.03530661,1.357142857,-81.71428571
20-04-2023,113,280,237,7490,320,-207,2.1,-124,-83,-207,0,0,7490,0.846428571,0.042723632,2.831858407,-109.4285714
19-04-2023,239,367,224,7356,229,10,0.94,15,-5,10,0,0,7356,0.610354223,0.031131049,0.958158996,-85
18-04-2023,152,272,214,7376,234,-82,1.41,-62,-20,-82,0,0,7376,0.786764706,0.031724512,1.539473684,-83.57142857
17-04-2023,170,297,196,7344,248,-78,1.15,-26,-52,-78,0,0,7344,0.65993266,0.033769063,1.458823529,-75
16-04-2023,191,283,192,7380,272,-81,1.01,-1,-80,-81,0,0,7380,0.67844523,0.036856369,1.42408377,-69.28571429
13-04-2023,109,214,173,7795,370,-261,1.59,-64,-197,-261,0,0,7795,0.808411215,0.047466325,3.394495413,-109.8571429
12-04-2023,155,212,181,7876,283,-128,1.17,-26,-102,-128,0,0,7876,0.853773585,0.035931945,1.825806452,-118.1428571
11-04-2023,119,209,152,7922,187,-68,1.28,-33,-35,-68,0,0,7922,0.727272727,0.02360515,1.571428571,-98.28571429
10-04-2023,143,203,163,7826,265,-122,1.14,-20,-102,-122,0,0,7826,0.802955665,0.033861487,1.853146853,-117.1428571
09-04-2023,105,210,149,7900,329,-224,1.42,-44,-180,-224,0,0,7900,0.70952381,0.04164557,3.133333333,-137.4285714
06-04-2023,119,219,210,8178,284,-165,1.76,-91,-74,-165,0,0,8178,0.95890411,0.034727317,2.386554622,-149.8571429
05-04-2023,148,245,175,8175,260,-112,1.18,-27,-85,-112,0,0,8175,0.714285714,0.031804281,1.756756757,-154.2857143
04-04-2023,142,235,139,8068,259,-117,0.98,3,-120,-117,0,0,8068,0.591489362,0.032102132,1.823943662,-133.7142857
03-04-2023,118,139,168,8054,284,-166,1.42,-50,-116,-166,0,0,8054,1.208633094,0.035261982,2.406779661,-139.1428571
02-04-2023,125,232,192,7981,304,-179,1.54,-67,-112,-179,0,0,7981,0.827586207,0.038090465,2.432,-155
30-03-2023,156,256,176,8158,359,-203,1.13,-20,-183,-203,0,0,8158,0.6875,0.044005884,2.301282051,-166.5714286
29-03-2023,109,245,159,8208,267,-158,1.46,-50,-108,-158,0,0,8208,0.648979592,0.03252924,2.449541284,-157.1428571
28-03-2023,167,209,157,8079,223,-56,0.94,10,-66,-56,0,0,8079,0.751196172,0.027602426,1.335329341,-141.5714286
27-03-2023,84,171,157,7994,235,-151,1.87,-73,-78,-151,0,0,7994,0.918128655,0.029397048,2.797619048,-147.1428571
26-03-2023,87,246,173,7847,352,-265,1.99,-86,-179,-265,0,0,7847,0.703252033,0.044857907,4.045977011,-168.2857143
23-03-2023,136,276,178,8102,331,-195,1.31,-42,-153,-195,0,0,8102,0.644927536,0.04085411,2.433823529,-172.4285714
22-03-2023,166,277,229,8097,246,-80,1.38,-63,-17,-80,0,0,8097,0.826714801,0.030381623,1.481927711,-158.2857143
21-03-2023,110,272,193,8050,221,-111,1.75,-83,-28,-111,0,0,8050,0.709558824,0.027453416,2.009090909,-145.1428571
20-03-2023,202,313,158,7931,279,-77,0.78,44,-121,-77,0,0,7931,0.504792332,0.035178414,1.381188119,-133.5714286
19-03-2023,134,294,186,7885,306,-172,1.39,-52,-120,-172,0,0,7885,0.632653061,0.038807863,2.28358209,-150.1428571
16-03-2023,180,280,146,7989,308,-128,0.81,34,-162,-128,0,0,7989,0.521428571,0.03855301,1.711111111,-146.8571429
15-03-2023,108,220,213,7915,286,-178,1.97,-105,-73,-178,0,0,7915,0.968181818,0.036133923,2.648148148,-134.4285714
14-03-2023,147,276,214,7810,181,-34,1.46,-67,33,-34,0,0,7810,0.775362319,0.023175416,1.231292517,-111.4285714
13-03-2023,104,230,206,7567,249,-145,1.98,-102,-43,-145,0,0,7567,0.895652174,0.032906039,2.394230769,-120.7142857
09-03-2023,174,285,150,7786,340,-166,0.86,24,-190,-166,0,0,7786,0.526315789,0.043668122,1.954022989,-128.5714286
08-03-2023,113,208,159,7885,291,-178,1.41,-46,-132,-178,0,0,7885,0.764423077,0.036905517,2.575221239,-143
07-03-2023,88,214,160,7859,259,-171,1.82,-72,-99,-171,0,0,7859,0.747663551,0.032955847,2.943181818,-142.8571429
02-03-2023,130,227,192,7870,335,-205,1.48,-62,-143,-205,0,0,7870,0.845814978,0.042566709,2.576923077,-153.8571429
01-03-2023,84,158,193,7930,307,-223,2.3,-109,-114,-223,0,0,7930,1.221518987,0.038713745,3.654761905,-160.2857143
28-02-2023,115,216,169,7896,200,-85,1.47,-54,-31,-85,0,0,7896,0.782407407,0.025329281,1.739130435,-167.5714286
27-02-2023,167,239,166,7800,248,-81,0.99,1,-82,-81,0,0,7800,0.694560669,0.031794872,1.48502994,-158.4285714
26-02-2023,99,190,176,7609,323,-224,1.78,-77,-147,-224,0,0,7609,0.926315789,0.042449731,3.262626263,-166.7142857
23-02-2023,101,162,178,7914,386,-285,1.76,-77,-208,-285,0,0,7914,1.098765432,0.048774324,3.821782178,-182
22-02-2023,107,215,230,7978,232,-125,2.15,-123,-2,-125,0,0,7978,1.069767442,0.02907997,2.168224299,-175.4285714
21-02-2023,184,314,217,7967,213,-29,1.18,-33,4,-29,0,0,7967,0.691082803,0.026735283,1.157608696,-150.2857143
20-02-2023,209,285,184,7817,209,0,0.88,25,-25,0,0,0,7817,0.645614035,0.0267366,1,-118.4285714
16-02-2023,81,213,153,7793,361,-280,1.89,-72,-208,-280,0,0,7793,0.718309859,0.046323624,4.456790123,-146.2857143
15-02-2023,91,199,172,7869,290,-199,1.89,-81,-118,-199,0,0,7869,0.864321608,0.036853476,3.186813187,-163.1428571
14-02-2023,154,225,220,7794,223,-69,1.43,-66,-3,-69,0,0,7794,0.977777778,0.028611753,1.448051948,-141
13-02-2023,186,259,172,7483,244,-58,0.92,14,-72,-58,0,0,7483,0.664092664,0.032607243,1.311827957,-108.5714286
12-02-2023,92,203,173,7434,317,-225,1.88,-81,-144,-225,0,0,7434,0.852216749,0.042641916,3.445652174,-122.8571429
09-02-2023,124,234,161,7908,353,-229,1.3,-37,-192,-229,0,0,7908,0.688034188,0.044638341,2.846774194,-151.4285714
08-02-2023,93,196,169,7915,317,-224,1.82,-76,-148,-224,0,0,7915,0.862244898,0.040050537,3.408602151,-183.4285714
07-02-2023,16,20,20,7855,200,-184,1.25,-4,-180,-184,0,0,7855,1,0.025461489,12.5,-169.7142857
06-02-2023,11,22,12,7720,196,-185,1.09,-1,-184,-185,0,0,7720,0.545454545,0.025388601,17.81818182,-167.7142857
05-02-2023,16,18,15,7586,342,-326,0.94,1,-327,-326,0,0,7586,0.833333333,0.045083048,21.375,-204.4285714
02-02-2023,15,13,23,7879,298,-283,1.53,-8,-275,-283,0,0,7879,1.769230769,0.037822059,19.86666667,-236.5714286
01-02-2023,25,32,27,7903,231,-206,1.08,-2,-204,-206,0,0,7903,0.84375,0.029229407,9.24,-233.8571429
31-01-2023,26,36,36,7803,158,-132,1.38,-10,-122,-132,0,0,7803,1,0.020248622,6.076923077,-220
30-01-2023,34,54,29,7743,196,-162,0.85,5,-167,-162,0,0,7743,0.537037037,0.025313186,5.764705882,-211.1428571
29-01-2023,23,45,11,7472,303,-280,0.48,12,-292,-280,0,0,7472,0.244444444,0.040551392,13.17391304,-224.8571429
25-01-2023,20,22,41,7538,180,-160,2.05,-21,-139,-160,0,0,7538,1.863636364,0.023879013,9,-221.2857143
24-01-2023,47,42,47,7433,175,-128,1,0,-128,-128,0,0,7433,1.119047619,0.023543657,3.723404255,-193
23-01-2023,32,50,39,7280,181,-149,1.22,-7,-142,-149,0,0,7280,0.78,0.024862637,5.65625,-173.8571429
22-01-2023,32,49,39,7122,227,-195,1.22,-7,-188,-195,0,0,7122,0.795918367,0.031873069,7.09375,-172.2857143
12-01-2023,33,53,34,6566,436,-403,1.03,-1,-402,-403,0,0,6566,0.641509434,0.06640268,13.21212121,-211
